Date,Open,High,Low,Close,Adj Close,Volume,Days
2018-02-12,242.5,245.320007,240.660004,243.740005,223.16806,4236200,0
2018-02-13,242.630005,245,241.970001,244.559998,223.918854,3077700,1
2018-02-14,243,248.119995,242.839996,247.759995,226.848785,3650800,2
2018-02-15,249.600006,250.970001,246.979996,250.970001,229.787842,2923800,3
2018-02-16,250.270004,253,250.169998,250.940002,229.760361,3007500,4
2018-02-20,250,251.509995,248.600006,249.419998,228.368637,3454400,5
2018-02-21,249.860001,252.440002,248.110001,248.110001,227.16922,2798000,6
2018-02-22,249.169998,250.899994,247.809998,248.410004,227.443924,3177700,7
2018-02-23,249.820007,252.490005,249.300003,252.490005,231.179596,2923100,8
2018-02-26,253.559998,255.5,252.990005,255.399994,233.843903,1892000,9
2018-02-27,255.630005,256.339996,252.139999,252.139999,230.859085,2947100,10
2018-02-28,253.369995,253.820007,249.339996,249.339996,228.295395,2716600,11
2018-03-01,249.529999,251.029999,244.449997,246.050003,225.283081,5182300,12
2018-03-02,244.240005,247.860001,243.330002,247.360001,226.482513,3276500,13
2018-03-05,246.020004,250.789993,245.949997,250.199997,229.08284,3024600,14
2018-03-06,251.220001,251.25,249.229996,250.830002,229.659653,1932000,15
2018-03-07,248.539993,251.070007,248.360001,250.720001,229.558975,2730200,16
2018-03-08,251.399994,252.020004,250.360001,251.889999,230.630188,3021600,17
2018-03-09,253.399994,256.26001,253.050003,256.25,234.622192,2450800,18
2018-03-12,256.640015,257.25,255.580002,256,234.393265,2029200,19
2018-03-13,257.200012,257.709991,253.710007,254.309998,232.845917,3080600,20
2018-03-14,255.330002,255.509995,252.460007,252.970001,231.619049,2352700,21
2018-03-15,253.550003,254.210007,252.220001,252.729996,231.399231,2161500,22
2018-03-16,253.229996,254.080002,252.970001,252.990005,231.637329,1554600,23
2018-03-19,252.25,252.259995,247.869995,249.610001,228.542603,2715800,24
2018-03-20,249.990005,250.660004,249.330002,250.050003,228.94548,1991400,25
2018-03-21,249.940002,252.119995,249.309998,249.470001,228.414398,2777300,26
2018-03-22,247.110001,248.080002,243.029999,243.270004,222.737701,3589400,27
2018-03-23,243.740005,244.089996,237.919998,238.089996,217.994888,3815500,28
2018-03-26,240.820007,243.809998,238.320007,243.529999,223.995605,5529000,29
2018-03-27,244.470001,245.039993,237.770004,239.309998,220.114105,3363600,30
2018-03-28,239.460007,241.220001,237.529999,238.639999,219.497849,4384100,31
2018-03-29,239.850006,243.610001,239.080002,242.080002,222.661942,2910800,32
2018-04-02,241.190002,241.699997,233.919998,236.479996,217.511108,4696400,33
2018-04-03,237.809998,240,235.929993,239.479996,220.270493,3287900,34
2018-04-04,235.869995,242.809998,235.699997,242.240005,222.809097,4598000,35
2018-04-05,243.899994,244.889999,242.800003,243.990005,224.418686,3436600,36
2018-04-06,241.940002,243.509995,236.979996,238.619995,219.479446,4931600,37
2018-04-09,240.149994,243.25,239.320007,239.589996,220.371613,2956000,38
2018-04-10,242.75,244.380005,241.570007,243.539993,224.004807,2903800,39
2018-04-11,242,243.990005,241.949997,242.25,222.818298,2068300,40
2018-04-12,243.710007,245.25,243.470001,244.279999,224.68541,1723600,41
2018-04-13,245.839996,245.839996,242.5,243.600006,224.059998,2887700,42
2018-04-16,245.270004,246.350006,244.410004,245.580002,225.881149,2149200,43
2018-04-17,247.419998,248.809998,246.880005,248.220001,228.309418,2301800,44
2018-04-18,248.660004,249.220001,247.940002,248.360001,228.438171,1365100,45
2018-04-19,247.619995,247.889999,245.960007,247,227.187256,1997100,46
2018-04-20,246.949997,247.130005,243.970001,245,225.347702,2103900,47
2018-04-23,245.550003,246.080002,243.75,244.889999,225.24649,1472600,48
2018-04-24,245.970001,246.119995,240.009995,241.550003,222.174423,3653500,49
2018-04-25,241.509995,242.630005,239.600006,242.169998,222.744705,2354800,50
2018-04-26,243.220001,245.470001,242.770004,244.660004,225.034988,2106800,51
2018-04-27,245.229996,245.570007,243.889999,244.919998,225.274109,2178600,52
2018-04-30,245.509995,246.050003,242.850006,242.919998,223.43457,2146100,53
2018-05-01,242.449997,243.520004,240.759995,243.440002,223.912827,2323100,54
2018-05-02,243.210007,244.020004,241.360001,241.779999,222.385971,1636400,55
2018-05-03,240.880005,241.899994,237.919998,241.210007,221.861679,2666500,56
2018-05-04,240.25,245.059998,239.889999,244.410004,224.804977,1785200,57
2018-05-07,245.190002,246.190002,244.460007,245.169998,225.504059,3127200,58
2018-05-08,244.830002,245.529999,243.570007,245.160004,225.494888,1924500,59
2018-05-09,245.860001,247.899994,245.360001,247.539993,227.683945,1506200,60
2018-05-10,248.360001,250.199997,248.25,249.860001,229.817856,1537600,61
2018-05-11,250.039993,250.919998,249.479996,250.470001,230.378937,1703500,62
2018-05-14,251.119995,251.759995,250.210007,250.75,230.636459,1478200,63
2018-05-15,249.5,249.520004,248.059998,249.029999,229.054428,2600600,64
2018-05-16,249.080002,250.539993,249.070007,250.089996,230.029404,2588700,65
2018-05-17,249.789993,250.990005,249.080002,249.880005,229.836258,1714200,66
2018-05-18,249.529999,249.850006,248.889999,249.259995,229.265961,1702800,67
2018-05-21,250.770004,251.679993,250.429993,251.089996,230.949203,1262900,68
2018-05-22,251.669998,251.940002,250.100006,250.369995,230.286957,1055400,69
2018-05-23,249.119995,251.149994,248.949997,251.149994,231.004379,1484100,70
2018-05-24,250.740005,251,248.759995,250.669998,230.562851,2025300,71
2018-05-25,250.039993,250.639999,249.490005,250.039993,229.983444,1654700,72
2018-05-29,248.279999,249.080002,245.970001,247.149994,227.325211,4465800,73
2018-05-30,248.529999,250.880005,248.429993,250.410004,230.32373,1359700,74
2018-05-31,249.990005,250.300003,248.279999,248.789993,228.833694,2378800,75
2018-06-01,250.229996,251.649994,250.169998,251.410004,231.243515,1953900,76
2018-06-04,252.169998,252.800003,251.960007,252.520004,232.264481,2031500,77
2018-06-05,252.660004,253.130005,251.869995,252.869995,232.586411,1491200,78
2018-06-06,253.369995,254.960007,252.720001,254.889999,234.444397,2763200,79
2018-06-07,255.369995,255.699997,253.880005,254.770004,234.334,2615900,80
2018-06-08,254.360001,255.619995,254.190002,255.570007,235.069824,1517500,81
2018-06-11,255.789993,256.670013,255.699997,255.899994,235.373383,2648000,82
2018-06-12,256.390015,256.630005,255.600006,256.329987,235.768829,1182200,83
2018-06-13,256.529999,256.769989,255.229996,255.309998,234.830704,2507800,84
2018-06-14,256.309998,256.619995,255.460007,256.049988,235.511307,1913800,85
2018-06-15,255.270004,256.070007,254.130005,255.830002,235.308975,2000100,86
2018-06-18,254.179993,255.360001,253.710007,255.220001,234.74791,2015800,87
2018-06-19,252.830002,254.460007,252.419998,254.25,233.855728,1863300,88
2018-06-20,254.970001,255.369995,254.320007,254.710007,234.278809,1578200,89
2018-06-21,254.660004,254.669998,252.580002,253.119995,232.816376,4037600,90
2018-06-22,254.399994,254.520004,253.320007,253.570007,233.230286,3092000,91
2018-06-25,252.369995,252.509995,248.350006,250.059998,230.001801,6690000,92
2018-06-26,250.660004,251.529999,249.910004,250.610001,230.50769,2968600,93
2018-06-27,251.270004,252.729996,248.429993,248.529999,228.594528,3433800,94
2018-06-28,247.300003,249.600006,246.630005,248.880005,229.987122,2638400,95
2018-06-29,249.979996,251.360001,249.100006,249.509995,230.569351,3711600,96
2018-07-02,247.559998,249.889999,247.320007,249.800003,230.837296,1943100,97
2018-07-03,250.679993,250.759995,248.440002,248.789993,229.903976,1157900,98
2018-07-05,250.070007,250.940002,248.910004,250.919998,231.872269,1948100,99
2018-07-06,250.910004,253.389999,250.520004,253.009995,233.803604,2622200,100
2018-07-09,254.050003,255.320007,254.009995,255.25,235.873566,3979500,101
2018-07-10,255.75,256.299988,255.449997,256.140015,236.69603,1314500,102
2018-07-11,254.600006,255.410004,254.029999,254.389999,235.078873,2335100,103
2018-07-12,255.660004,256.660004,255.009995,256.570007,237.093384,2874000,104
2018-07-13,256.48999,257.160004,255.990005,256.790009,237.296692,1814500,105
2018-07-16,256.890015,257.01001,256.160004,256.630005,237.148819,993500,106
2018-07-17,255.850006,258.059998,255.800003,257.730011,238.165329,1825900,107
2018-07-18,257.76001,258.320007,257.279999,258.200012,238.599625,2606800,108
2018-07-19,257.5,257.899994,256.75,257.220001,237.694031,2050500,109
2018-07-20,257,257.649994,256.779999,256.980011,237.472275,2710700,110
2018-07-23,256.730011,257.609985,256.399994,257.470001,237.925064,1447000,111
2018-07-24,258.839996,259.570007,257.820007,258.679993,239.043167,2916000,112
2018-07-25,258.540009,261.25,258.429993,261.049988,241.233307,2608700,113
2018-07-26,260.140015,261.01001,260.100006,260.279999,240.521744,2166500,114
2018-07-27,260.730011,260.73999,257.579987,258.589996,238.959991,2666200,115
2018-07-30,258.600006,258.779999,256.640015,257.100006,237.58313,1601400,116
2018-07-31,258.019989,259.089996,257.600006,258.399994,238.784515,1992500,117
2018-08-01,258.640015,259.190002,257.350006,258.079987,238.488708,1651700,118
2018-08-02,256.730011,259.600006,256.480011,259.390015,239.699295,1767300,119
2018-08-03,259.600006,260.660004,259.390015,260.660004,240.872925,2017600,120
2018-08-06,260.559998,261.829987,260.200012,261.640015,241.778519,1843000,121
2018-08-07,262.200012,262.779999,262.079987,262.369995,242.453094,2619200,122
2018-08-08,262.230011,262.670013,261.790009,262.230011,242.3237,1560400,123
2018-08-09,262.329987,262.73999,261.76001,261.899994,242.018753,1084400,124
2018-08-10,260.359985,260.959991,259.429993,260.119995,240.373901,2395500,125
2018-08-13,260.410004,261.070007,258.899994,259.140015,239.468292,3684700,126
2018-08-14,259.940002,261.070007,259.549988,260.809998,241.011505,1531800,127
2018-08-15,259.429993,259.549988,257.390015,258.890015,239.237274,2587800,128
2018-08-16,260.359985,261.890015,260.350006,260.98999,241.177872,1693100,129
2018-08-17,260.709991,262.380005,260.350006,261.859985,241.981766,2278800,130
2018-08-20,262.399994,262.73999,261.899994,262.440002,242.517776,1245500,131
2018-08-21,263.01001,263.970001,262.859985,263.01001,243.044525,1937900,132
2018-08-22,262.640015,263.450012,262.390015,262.929993,242.970566,1708100,133
2018-08-23,262.679993,263.630005,262.209991,262.549988,242.619415,2308100,134
2018-08-24,263.160004,264.290009,263.109985,264.200012,244.14418,2328900,135
2018-08-27,265.380005,266.350006,265.26001,266.190002,245.983109,2371000,136
2018-08-28,266.76001,266.829987,265.890015,266.339996,246.121735,3026900,137
2018-08-29,266.589996,268.049988,266.339996,267.799988,247.47084,2116100,138
2018-08-30,267.309998,267.709991,266.119995,266.709991,246.463638,2625500,139
2018-08-31,266.329987,267.220001,265.829987,266.720001,246.47287,3172400,140
2018-09-04,266.350006,266.660004,265.26001,266.350006,246.130997,3623300,141
2018-09-05,265.910004,266.130005,264.519989,265.600006,245.437881,4595500,142
2018-09-06,265.690002,265.98999,263.700012,264.820007,244.717072,1687900,143
2018-09-07,263.630005,265.26001,263.450012,264.179993,244.125717,2634100,144
2018-09-10,265.279999,265.570007,264.51001,264.679993,244.587708,2832700,145
2018-09-11,264.029999,266.049988,263.679993,265.679993,245.511871,3420400,146
2018-09-12,265.609985,266.26001,264.829987,265.709991,245.53952,3019800,147
2018-09-13,266.779999,267.420013,266.470001,267.220001,246.934937,2087500,148
2018-09-14,267.470001,267.619995,266.470001,267.359985,247.064285,1861000,149
2018-09-17,267.220001,267.26001,265.589996,265.850006,245.6689,2515300,150
2018-09-18,266.100006,267.920013,266.089996,267.299988,247.00882,1823600,151
2018-09-19,267.350006,268.029999,267.230011,267.600006,247.286072,2077500,152
2018-09-20,268.890015,270.100006,268.790009,269.75,249.272903,3349700,153
2018-09-21,270.549988,270.670013,269.369995,269.559998,249.097244,1352500,154
2018-09-24,268.929993,269.070007,268.019989,268.660004,248.26561,2070900,155
2018-09-25,269.100006,269.170013,268.149994,268.329987,247.960587,2360400,156
2018-09-26,267.320007,268.540009,265.950012,266.339996,247.23378,2568400,157
2018-09-27,266.880005,268.23999,266.600006,267.079987,247.920731,3077500,158
2018-09-28,266.5,267.649994,266.429993,267.049988,247.892883,1774300,159
2018-10-01,268.459991,269.179993,267.390015,268.040009,248.811874,1968800,160
2018-10-02,267.970001,268.670013,267.549988,268.01001,248.784058,3034100,161
2018-10-03,269.019989,269.470001,267.720001,268.23999,248.997482,2505800,162
2018-10-04,267.570007,267.660004,264.369995,266.040009,246.955368,5004400,163
2018-10-05,266.190002,266.769989,263.019989,264.540009,245.562958,2564700,164
2018-10-08,263.769989,264.850006,262.380005,264.470001,245.497925,3219600,165
2018-10-09,264.100006,265.450012,263.549988,264.130005,245.182343,2078000,166
2018-10-10,263.619995,263.619995,255.369995,255.600006,237.264297,5803900,167
2018-10-11,254.809998,256.290009,248.449997,250.220001,232.270218,9037000,168
2018-10-12,254.389999,254.639999,250.300003,253.600006,235.407776,7116700,169
2018-10-15,253.190002,254.559998,252.039993,252.210007,234.117493,3306200,170
2018-10-16,254.139999,258.100006,253.699997,257.579987,239.102203,3308500,171
2018-10-17,257.75,258.339996,255.070007,257.670013,239.185776,2845800,172
2018-10-18,256.75,257.350006,252.690002,254.050003,235.825455,3046800,173
2018-10-19,254.669998,256.619995,253.149994,253.850006,235.639771,2684200,174
2018-10-22,254.550003,254.860001,252.169998,252.800003,234.665115,2102000,175
2018-10-23,249,252.580002,246.839996,251.279999,233.25415,5206500,176
2018-10-24,251.190002,251.550003,243.25,243.779999,226.292191,4065700,177
2018-10-25,245.710007,249.789993,244.669998,248.149994,230.348694,4443800,178
2018-10-26,244.339996,246.979996,241.039993,243.759995,226.273621,5278700,179
2018-10-29,247.029999,248.350006,238.789993,242.5,225.104004,5126200,180
2018-10-30,242.309998,246.380005,241.800003,246.210007,228.547852,3619100,181
2018-10-31,248.720001,251.080002,248.270004,248.789993,230.942795,4073400,182
2018-11-01,249.630005,251.539993,248.460007,251.369995,233.337723,2870700,183
2018-11-02,252.440002,252.899994,247.75,249.809998,231.889633,3184500,184
2018-11-05,250.320007,251.789993,249.389999,251.229996,233.207764,1912100,185
2018-11-06,251.179993,252.979996,251.119995,252.820007,234.683731,2255200,186
2018-11-07,255.070007,258.320007,254.649994,258.160004,239.640656,3090800,187
2018-11-08,257.48999,258.440002,256.649994,257.720001,239.232193,2466900,188
2018-11-09,256.5,256.640015,253.809998,255.339996,237.022919,3078700,189
2018-11-12,254.690002,254.960007,249.949997,250.410004,232.446594,2710200,190
2018-11-13,250.960007,253.009995,249.279999,249.990005,232.056732,3097000,191
2018-11-14,251.960007,252.339996,246.660004,248.279999,230.469391,3619900,192
2018-11-15,247.020004,251.389999,245.429993,250.850006,232.854996,3911900,193
2018-11-16,249.770004,252.470001,249.259995,251.490005,233.449127,2342800,194
2018-11-19,250.940002,251.210007,246.350006,247.320007,229.578293,2973700,195
2018-11-20,243.839996,245.320007,241.830002,242.770004,225.35466,5000900,196
2018-11-21,244.240005,245.440002,243.520004,243.580002,226.106537,2425500,197
2018-11-23,241.800003,243.350006,241.729996,242.009995,224.649155,830900,198
2018-11-26,244.229996,245.839996,243.850006,245.800003,228.167267,2498500,199
2018-11-27,244.729996,246.600006,244.119995,246.570007,228.88205,2849700,200
2018-11-28,247.720001,252.330002,246.75,252.330002,234.228851,3723300,201
2018-11-29,251.539993,253.25,250.360001,251.809998,233.746155,3279400,202
2018-11-30,251.639999,253.940002,251.350006,253.479996,235.296341,2992800,203
2018-12-03,257.649994,257.73999,255.059998,256.609985,238.201797,3943500,204
2018-12-04,255.850006,256.269989,248.059998,248.649994,230.81282,3837400,205
2018-12-06,244.419998,248.089996,241.130005,248.020004,230.228058,7712700,206
2018-12-07,247.630005,249.240005,241.369995,242.259995,224.881241,3928400,207
2018-12-10,242,243.619995,237.619995,242.550003,225.150436,5983700,208
2018-12-11,245.949997,246.119995,241.190002,242.619995,225.215393,4543200,209
2018-12-12,245.800003,247.160004,243.850006,243.960007,226.459305,4117000,210
2018-12-13,244.860001,245.759995,242.699997,243.880005,226.38504,2610800,211
2018-12-14,241.649994,242.630005,238.770004,239.380005,222.20784,5088500,212
2018-12-17,237.059998,238.220001,231.679993,233.229996,217.671097,6127200,213
2018-12-18,235,235.679993,231.479996,233.139999,217.587112,4691400,214
2018-12-19,233.210007,237,227.779999,229.419998,214.115265,8215600,215
2018-12-20,228.350006,229.899994,223.539993,225.649994,210.596725,12141900,216
2018-12-21,226.740005,229.460007,220.570007,221.160004,206.406311,11811600,217
2018-12-24,219.740005,220.800003,215.070007,215.070007,200.722595,8493500,218
2018-12-26,216.880005,226.100006,214.830002,225.949997,210.876755,11598000,219
2018-12-27,222.960007,228.119995,219.600006,228.050003,212.836655,9578400,220
2018-12-28,229.320007,231.070007,226.520004,227.759995,212.565994,7436100,221
2018-12-31,229.309998,229.970001,227.449997,229.809998,214.479248,6683900,222
2019-01-02,226.179993,230.850006,226.020004,229.990005,214.647247,4891300,223
2019-01-03,228.100006,228.419998,223.970001,224.5,209.523483,3329600,224
2019-01-04,227.539993,232.619995,227.149994,231.910004,216.439163,5100100,225
2019-01-07,232.289993,235.229996,231.320007,233.649994,218.06308,3706000,226
2019-01-08,236.050003,236.460007,233.429993,235.919998,220.181625,3546600,227
2019-01-09,236.710007,237.940002,235.460007,237.009995,221.198975,4565000,228
2019-01-10,235.649994,238.169998,234.850006,238,222.12291,2813500,229
2019-01-11,236.850006,238,236.240005,237.889999,222.020248,2551000,230
2019-01-14,236.100006,237.389999,235.690002,236.580002,220.797592,2653400,231
2019-01-15,236.970001,239.589996,236.970001,239.350006,223.382843,5103700,232
2019-01-16,239.720001,240.770004,239.520004,239.880005,223.877487,4066700,233
2019-01-17,239,242.550003,238.949997,241.669998,225.548065,3059000,234
2019-01-18,243.559998,245.369995,242.759995,244.919998,228.581253,4943300,235
2019-01-22,243.389999,243.580002,239.970001,241.660004,225.538727,5786300,236
2019-01-23,242.679993,243.339996,239.580002,242.020004,225.874725,3076400,237
2019-01-24,241.899994,242.820007,240.910004,242.259995,226.098724,2197100,238
2019-01-25,244.110001,245.110001,243.669998,244.320007,228.021286,3677500,239
2019-01-28,242.089996,242.490005,240.630005,242.429993,226.257385,2407800,240
2019-01-29,242.550003,243.119995,241.270004,242.130005,225.977371,2436900,241
2019-01-30,243.660004,246.779999,242.880005,245.960007,229.551865,6028400,242
2019-01-31,245.860001,248.529999,245.679993,248.009995,231.465134,5308100,243
2019-02-01,248.309998,249.289993,247.460007,248.220001,231.661118,3718500,244
2019-02-04,248.300003,250.020004,247.589996,249.990005,233.313065,2541700,245
2019-02-05,250.440002,251.330002,249.919998,251.100006,234.348984,3613300,246
2019-02-06,250.75,251.220001,249.949997,250.789993,234.059647,2052200,247
2019-02-07,249.039993,249.580002,246.619995,248.330002,231.763763,3907800,248
2019-02-08,247.009995,248.710007,246.199997,248.649994,232.062424,2512600,249
2019-02-11,249.279999,249.509995,248.220001,248.779999,232.183731,2986600,250
2019-02-12,250.380005,252.360001,250.339996,252,235.188934,5980500,251
2019-02-13,252.820007,253.660004,252.389999,252.759995,235.898239,3569100,252
2019-02-14,251.649994,253.360001,250.830002,252.199997,235.37561,3247800,253
2019-02-15,254.029999,255,253.809998,254.979996,237.970154,2806600,254
2019-02-19,254.149994,256.089996,254.149994,255.419998,238.380783,2509300,255
2019-02-20,255.410004,256.380005,254.889999,256.01001,238.931442,2156300,256
2019-02-21,255.330002,255.639999,254.039993,255.080002,238.063477,2020000,257
2019-02-22,255.690002,256.809998,255.449997,256.609985,239.491394,2119400,258
2019-02-25,258.089996,258.609985,256.880005,256.98999,239.846085,2941300,259
2019-02-26,256.549988,257.640015,256.410004,256.799988,239.668701,4629600,260
2019-02-27,256.059998,257.019989,255.100006,256.670013,239.547424,2136400,261
2019-02-28,256.420013,256.880005,255.850006,256.070007,238.987457,2207000,262
2019-03-01,257.809998,258.209991,256.329987,257.829987,240.630005,2867000,263
2019-03-04,258.869995,259.100006,254.490005,256.839996,239.706085,3384200,264
2019-03-05,256.98999,257.170013,255.960007,256.540009,239.426086,2475900,265
2019-03-06,256.619995,256.619995,254.600006,254.899994,237.895508,2514900,266
2019-03-07,254.479996,254.600006,251.949997,252.850006,235.982208,6441200,267
2019-03-08,250.880005,252.449997,250.339996,252.339996,235.506271,4522300,268
2019-03-11,253.039993,256.119995,253.020004,256.019989,238.940765,1884200,269
2019-03-12,256.519989,257.459991,256.369995,256.929993,239.79007,2271900,270
2019-03-13,257.839996,259.589996,257.690002,258.679993,241.423294,1974300,271
2019-03-14,258.679993,259.119995,258.040009,258.589996,241.339325,1557500,272
2019-03-15,259.019989,260.570007,258.869995,259.850006,242.515259,3151200,273
2019-03-18,260,260.98999,259.769989,260.779999,243.383255,1830000,274
2019-03-19,261.809998,262.589996,259.880005,260.859985,243.457901,4061800,275
2019-03-20,260.540009,261.769989,258.839996,259.929993,242.589966,3415200,276
2019-03-21,257.679993,261.859985,257.679993,261.429993,245.363297,2968300,277
2019-03-22,260.070007,260.609985,256.369995,256.459991,240.698776,4317400,278
2019-03-25,256.089996,257.279999,254.949997,256.230011,240.48291,2893600,279
2019-03-26,258.01001,259.119995,256.730011,258.079987,242.219193,3177600,280
2019-03-27,258.149994,258.730011,255.229996,256.880005,241.092957,2714300,281
2019-03-28,257.450012,258.220001,256.269989,257.880005,242.031494,1716700,282
2019-03-29,259.339996,259.720001,258.179993,259.540009,243.589508,2831100,283
2019-04-01,261.459991,262.779999,261.190002,262.529999,246.395706,3303900,284
2019-04-02,262.670013,262.850006,261.809998,262.619995,246.480209,1512600,285
2019-04-03,263.869995,264.25,262.399994,263.109985,246.940079,1933900,286
2019-04-04,263.369995,263.959991,262.670013,263.73999,247.531372,1738500,287
2019-04-05,264.420013,265.059998,264.119995,265.01001,248.723312,1505000,288
2019-04-08,264.570007,265.309998,263.910004,265.23999,248.939163,1720100,289
2019-04-09,264.220001,264.540009,263.290009,263.829987,247.615845,2016900,290
2019-04-10,264.25,264.839996,263.850006,264.73999,248.469971,2990600,291
2019-04-11,265.23999,265.23999,264.089996,264.690002,248.422974,1567700,292
2019-04-12,266.329987,266.769989,265.630005,266.480011,250.103012,1903400,293
2019-04-15,266.570007,266.640015,265.470001,266.299988,249.934006,1584500,294
2019-04-16,267.200012,267.23999,265.859985,266.48999,250.11232,2447700,295
2019-04-17,267.589996,267.609985,265.399994,265.839996,249.502304,1872400,296
2019-04-18,266.440002,266.600006,265.079987,266.339996,249.971512,2788900,297
2019-04-22,265.559998,266.709991,265.470001,266.600006,250.215576,1126500,298
2019-04-23,266.959991,269.190002,266.709991,268.899994,252.374252,2618300,299
2019-04-24,268.890015,269.209991,268.230011,268.369995,251.876831,1393400,300
2019-04-25,268.279999,268.880005,266.980011,268.269989,251.782928,1237400,301
2019-04-26,268.279999,269.540009,267.459991,269.5,252.937347,2172600,302
2019-04-29,269.559998,270.410004,269.459991,269.839996,253.25647,1892500,303
2019-04-30,269.559998,270.309998,268.109985,270.01001,253.416016,2024600,304
2019-05-01,270.679993,270.869995,268,268.040009,251.567093,2669400,305
2019-05-02,267.880005,268.799988,265.929993,267.51001,251.069717,3009000,306
2019-05-03,268.920013,270.320007,268.700012,270.049988,253.453506,1969000,307
2019-05-06,265.649994,269.359985,265.309998,268.980011,252.449326,3966900,308
2019-05-07,266.480011,267.079987,262.480011,264.619995,248.357269,4752500,309
2019-05-08,264.140015,265.820007,263.470001,264.100006,247.869217,2662500,310
2019-05-09,261.940002,263.839996,260.200012,263.290009,247.109039,3094800,311
2019-05-10,262.369995,265.380005,259.269989,264.519989,248.263428,3131900,312
2019-05-13,259.369995,260.339996,257.070007,258.029999,242.172302,5548200,313
2019-05-14,258.98999,261.820007,258.839996,260.269989,244.274628,4702600,314
2019-05-15,258.630005,262.450012,258.399994,261.809998,245.719971,2444100,315
2019-05-16,262.470001,265.600006,262.450012,264.209991,247.972458,3221500,316
2019-05-17,261.890015,265.019989,261.859985,262.609985,246.470779,2719500,317
2019-05-20,260.899994,262.109985,260.019989,260.820007,244.790833,2762600,318
2019-05-21,262.5,263.51001,262.25,263.029999,246.86499,2760500,319
2019-05-22,262.119995,263.290009,261.869995,262.309998,246.18924,3421500,320
2019-05-23,260.079987,260.100006,257.679993,259.23999,243.307938,3813200,321
2019-05-24,260.600006,260.98999,259.059998,259.690002,243.73024,1833100,322
2019-05-28,259.959991,260.959991,257.290009,257.359985,241.543457,2565900,323
2019-05-29,256.130005,256.519989,254.100006,255.589996,239.882248,4593500,324
2019-05-30,256.279999,257.179993,255.139999,256.299988,240.548569,2977200,325
2019-05-31,253.630005,254.490005,252.770004,252.869995,237.329407,3698600,326
2019-06-03,252.830002,253.960007,250.770004,252.119995,236.625504,3825600,327
2019-06-04,254.479996,257.76001,254.029999,257.670013,241.834412,3536300,328
2019-06-05,259.23999,259.880005,257.420013,259.850006,243.880447,2646500,329
2019-06-06,260.170013,262.26001,259.51001,261.540009,245.466568,2277500,330
2019-06-07,262.619995,265.290009,262.450012,264.149994,247.916122,1877400,331
2019-06-10,265.76001,267.100006,265.299988,265.390015,249.079987,2845900,332
2019-06-11,267.25,267.649994,264.690002,265.339996,249.033005,1894500,333
2019-06-12,265.119995,265.700012,264.359985,264.839996,248.563736,1711900,334
2019-06-13,265.820007,266.359985,265.109985,266.019989,249.671188,1813700,335
2019-06-14,265.709991,266.290009,264.910004,265.619995,249.295807,1203300,336
2019-06-17,265.940002,266.559998,265.619995,265.859985,249.521057,1782500,337
2019-06-18,267.649994,269.660004,267.299988,268.51001,252.008209,2340700,338
2019-06-19,268.73999,269.720001,267.76001,269.220001,252.674576,1684500,339
2019-06-20,271.940002,272.190002,269.730011,271.730011,255.030334,3288100,340
2019-06-21,271.529999,272.790009,271.170013,271.410004,254.730011,2226000,341
2019-06-24,271.589996,271.920013,270.899994,271.059998,254.401489,3518400,342
2019-06-25,271.100006,271.130005,268.269989,268.380005,251.886185,2287100,343
2019-06-26,269.299988,269.820007,268.019989,268.119995,251.642136,2988700,344
2019-06-27,267.48999,268.190002,267.170013,267.670013,252.525223,2054600,345
2019-06-28,268.700012,269.549988,268.179993,269.149994,253.921478,2883300,346
2019-07-01,272.459991,272.649994,270.299988,271.440002,256.081909,4497900,347
2019-07-02,271.470001,272.25,270.619995,272.230011,256.82724,3040700,348
2019-07-03,272.910004,274.369995,272.76001,274.320007,258.798981,2335800,349
2019-07-05,273.140015,274.25,271.859985,273.970001,258.468781,3362500,350
2019-07-08,272.790009,273.059998,272.029999,272.600006,257.17627,3131800,351
2019-07-09,271.399994,273.220001,271.339996,272.940002,257.49704,2532900,352
2019-07-10,274.019989,275.190002,273.459991,274.209991,258.69516,2853200,353
2019-07-11,274.869995,275.109985,273.850006,274.76001,259.21405,2249400,354
2019-07-12,275.390015,276.190002,275.059998,276.109985,260.487671,2932300,355
2019-07-15,276.529999,276.549988,275.709991,276.179993,260.55368,1466200,356
2019-07-16,276.119995,276.269989,274.98999,275.279999,259.70462,1564000,357
2019-07-17,275.279999,275.399994,273.420013,273.420013,257.94986,1758100,358
2019-07-18,272.910004,274.790009,272.470001,274.420013,258.893311,3461100,359
2019-07-19,275.519989,275.540009,272.700012,272.950012,257.5065,2319400,360
2019-07-22,273.320007,274.109985,272.790009,273.609985,258.12912,1304100,361
2019-07-23,274.709991,275.5,273.890015,275.48999,259.902771,1753000,362
2019-07-24,274.779999,276.790009,274.670013,276.76001,261.100922,1669900,363
2019-07-25,276.410004,276.410004,274.679993,275.410004,259.827301,1874200,364
2019-07-26,276.200012,277.549988,276.100006,277.380005,261.685852,1796900,365
2019-07-29,277.230011,277.269989,276.26001,276.880005,261.214142,2925900,366
2019-07-30,275.450012,276.559998,275.040009,276.209991,260.582001,1751100,367
2019-07-31,276.390015,276.609985,271.070007,273.079987,257.62915,4910000,368
2019-08-01,273.279999,276.279999,269.940002,270.790009,255.468704,6921000,369
2019-08-02,269.890015,270.079987,267.149994,268.809998,253.600708,5310400,370
2019-08-05,264.570007,264.679993,258.700012,260.880005,246.119446,7354000,371
2019-08-06,262.529999,264.470001,261.059998,264.23999,249.289276,4366800,372
2019-08-07,261.160004,265.230011,258.98999,264.420013,249.459183,4261200,373
2019-08-08,266,269.589996,265.399994,269.579987,254.327118,3618800,374
2019-08-09,268.720001,269.290009,266,267.700012,252.553574,2616300,375
2019-08-12,266.23999,266.790009,263.570007,264.559998,249.591171,2104500,376
2019-08-13,264.220001,270.100006,263.910004,268.660004,253.459167,3402300,377
2019-08-14,264.559998,265.149994,260.570007,260.570007,245.826935,4354800,378
2019-08-15,261.619995,262.269989,259.339996,261.390015,246.600571,2775200,379
2019-08-16,263.070007,265.679993,263.019989,265.220001,250.213852,2432700,380
2019-08-19,268.359985,269.140015,267.640015,268.480011,253.289413,1430800,381
2019-08-20,267.980011,268.48999,266.290009,266.399994,251.327072,1865000,382
2019-08-21,268.579987,268.929993,267.920013,268.559998,253.364822,2007400,383
2019-08-22,269.279999,269.910004,266.700012,268.459991,253.270447,1883700,384
2019-08-23,267.190002,268.839996,260.329987,261.570007,246.770386,4184200,385
2019-08-26,263.809998,264.470001,262.269989,264.470001,249.506256,2260000,386
2019-08-27,265.920013,266.26001,262.709991,263.429993,248.525177,2490400,387
2019-08-28,262.730011,265.450012,262,265.26001,250.251648,3124000,388
2019-08-29,267.910004,269.230011,266.899994,268.709991,253.506424,3128700,389
2019-08-30,270.149994,270.209991,267.660004,268.600006,253.402618,4209200,390
2019-09-03,266.829987,267.799988,265.679993,267.109985,251.996872,3368500,391
2019-09-04,269.25,270.059998,268.480011,269.970001,254.695084,1486100,392
2019-09-05,272.570007,274.440002,272.459991,273.540009,258.06311,1755800,393
2019-09-06,273.929993,274.390015,273.190002,273.73999,258.25177,1890800,394
2019-09-09,274.799988,274.829987,272.959991,273.809998,258.317841,2158500,395
2019-09-10,273.109985,273.880005,271.869995,273.869995,258.37442,1870400,396
2019-09-11,274.149994,275.839996,273.5,275.839996,260.232941,2080300,397
2019-09-12,276.709991,277.799988,275.940002,276.649994,260.997101,2433700,398
2019-09-13,277.209991,277.540009,276.149994,276.579987,260.931122,2292000,399
2019-09-16,275.380005,276.100006,275.040009,275.670013,260.072571,1432400,400
2019-09-17,275.459991,276.480011,275.339996,276.420013,260.780182,1789200,401
2019-09-18,276,276.679993,273.950012,276.589996,260.94043,2028700,402
2019-09-19,277,277.980011,276.230011,276.529999,260.883911,2267900,403
2019-09-20,277.179993,277.410004,274.5,275.049988,259.487701,2052700,404
2019-09-23,274.589996,275.899994,274.329987,275.23999,259.66684,1286400,405
2019-09-24,276.309998,276.679993,272.059998,272.959991,257.5159,5124900,406
2019-09-25,273.079987,275.079987,271.600006,274.630005,259.0914,2649200,407
2019-09-26,273.339996,273.549988,271.350006,272.790009,258.580566,2355000,408
2019-09-27,273.559998,273.589996,269.720001,271.26001,257.130219,2836500,409
2019-09-30,271.820007,273.269989,271.790009,272.600006,258.400391,2735200,410
2019-10-01,273.440002,274.079987,269.089996,269.320007,255.291229,3696000,411
2019-10-02,267.730011,267.730011,263.25,264.570007,250.788666,4463500,412
2019-10-03,264.350006,266.730011,261.589996,266.670013,252.779282,2988800,413
2019-10-04,267.450012,270.559998,267.359985,270.369995,256.286499,1907800,414
2019-10-07,269.559998,271.160004,268.899994,269.209991,255.186935,1821900,415
2019-10-08,267.279999,268.019989,264.959991,265.029999,251.224701,2153100,416
2019-10-09,267.040009,268.440002,266.390015,267.5,253.56604,1921200,417
2019-10-10,267.420013,270.200012,267.25,269.320007,255.291229,1559300,418
2019-10-11,272.100006,274.350006,271.940002,272.130005,257.954926,2806500,419
2019-10-14,271.790009,272.450012,271.480011,271.880005,257.717896,1215500,420
2019-10-15,272.869995,275.25,272.769989,274.51001,260.210846,1783800,421
2019-10-16,274.070007,274.730011,273.619995,274.079987,259.803284,1150800,422
2019-10-17,275.23999,275.720001,274.190002,274.820007,260.504791,3100600,423
2019-10-18,274.359985,274.970001,272.809998,273.690002,259.433594,1152200,424
2019-10-21,275.049988,275.720001,274.570007,275.600006,261.24411,3017500,425
2019-10-22,276.089996,276.329987,274.519989,274.630005,260.324646,1601500,426
2019-10-23,274.410004,275.480011,274.179993,275.440002,261.092499,1296500,427
2019-10-24,276.380005,276.51001,275.049988,275.890015,261.518982,2220600,428
2019-10-25,275.329987,277.540009,275.279999,277.040009,262.6091,5500900,429
2019-10-28,278.220001,279.070007,278.220001,278.649994,264.135223,1795900,430
2019-10-29,278.320007,279.429993,278.179993,278.470001,263.9646,1599200,431
2019-10-30,278.690002,279.690002,277.380005,279.450012,264.893585,1811300,432
2019-10-31,279.350006,279.350006,277.149994,278.549988,264.040436,2312100,433
2019-11-01,280.049988,281.209991,279.910004,281.200012,266.552429,2361900,434
2019-11-04,282.790009,282.899994,281.959991,282.320007,267.614136,3797500,435
2019-11-05,282.579987,282.820007,281.709991,281.959991,267.272858,2995600,436
2019-11-06,282.040009,282.339996,281.119995,282.109985,267.415009,1457200,437
2019-11-07,283.459991,284.230011,282.579987,283.109985,268.362885,2689600,438
2019-11-08,282.73999,283.799988,282,283.799988,269.016998,2328700,439
2019-11-11,282.429993,283.369995,282.23999,283.25,268.495605,1123700,440
2019-11-12,283.579987,284.720001,283.029999,283.809998,269.026489,1737600,441
2019-11-13,282.829987,284.320007,282.589996,283.929993,269.140137,1721400,442
2019-11-14,283.640015,284.399994,282.98999,284.309998,269.500427,2244000,443
2019-11-15,285.640015,286.429993,285,286.429993,271.51004,1892400,444
2019-11-18,286.179993,286.850006,285.709991,286.609985,271.680634,2278500,445
2019-11-19,287.23999,287.23999,285.880005,286.470001,271.547913,3212500,446
2019-11-20,285.910004,286.420013,283.890015,285.459991,270.590454,2816300,447
2019-11-21,285.519989,285.640015,284.170013,285.019989,270.173462,2307200,448
2019-11-22,285.75,285.859985,284.600006,285.649994,270.77063,1266500,449
2019-11-25,286.600006,287.839996,286.570007,287.820007,272.827606,2040300,450
2019-11-26,287.910004,288.679993,287.570007,288.399994,273.37738,1795700,451
2019-11-27,289.059998,289.779999,288.76001,289.76001,274.666565,1631500,452
2019-11-29,289.25,289.480011,288.480011,288.649994,273.614319,1988500,453
2019-12-02,289.029999,289.029999,285.839996,286.299988,271.38678,4416100,454
2019-12-03,283.519989,284.429993,282.100006,284.290009,269.481506,3236000,455
2019-12-04,285.410004,286.700012,285.070007,286.109985,271.206604,3188800,456
2019-12-05,286.829987,286.829987,285.290009,286.640015,271.709106,1597200,457
2019-12-06,288.579987,289.649994,288.549988,289.190002,274.12619,1609400,458
2019-12-09,288.869995,289.519989,288.269989,288.309998,273.292053,1478900,459
2019-12-10,288.309998,288.940002,287.350006,288.040009,273.036133,1822700,460
2019-12-11,288.450012,289.079987,288.079987,288.790009,273.74707,1835400,461
2019-12-12,288.850006,292.100006,288.609985,291.329987,276.154724,3276600,462
2019-12-13,291.089996,292.76001,290.299988,291.440002,276.259064,3519600,463
2019-12-16,293.26001,294.109985,293.220001,293.5,278.2117,3141900,464
2019-12-17,293.98999,294.190002,293.5,293.559998,278.268585,3658200,465
2019-12-18,294.019989,294.220001,293.570007,293.579987,278.287567,3294400,466
2019-12-19,293.779999,294.880005,293.75,294.799988,279.44397,2331600,467
2019-12-20,295.890015,296.76001,295.779999,296.299988,280.865845,4985600,468
2019-12-23,295.48999,295.529999,294.98999,295.160004,281.141174,2325200,469
2019-12-24,295.359985,295.399994,294.850006,295.160004,281.141174,1305900,470
2019-12-26,295.559998,296.690002,295.519989,296.670013,282.579437,2390300,471
2019-12-27,297.51001,297.51001,296.149994,296.670013,282.579437,2225400,472
2019-12-30,296.75,296.839996,294.51001,295.040009,281.026825,2345400,473
2019-12-31,294.529999,295.98999,294.170013,295.799988,281.750702,2512700,474
2020-01-02,297.290009,298.450012,296.339996,298.420013,284.246277,3142400,475
2020-01-03,295.220001,297.359985,295.040009,296.23999,282.169861,3247900,476
2020-01-06,294.420013,297.420013,294.350006,297.350006,283.227142,2777100,477
2020-01-07,296.820007,297.269989,296.059998,296.529999,282.446075,2251800,478
2020-01-08,296.709991,299.309998,296.470001,298.059998,283.903381,3719500,479
2020-01-09,299.730011,300.190002,299.089996,300.119995,285.86557,2168500,480
2020-01-10,300.73999,300.859985,298.790009,299.26001,285.046448,3666800,481
2020-01-13,299.910004,301.320007,299.480011,301.23999,286.932373,2728000,482
2020-01-14,300.890015,301.910004,300.320007,300.839996,286.551422,2620100,483
2020-01-15,300.809998,302.299988,300.690002,301.51001,287.189545,2822300,484
2020-01-16,302.940002,304.040009,302.709991,304.029999,289.589905,2582600,485
2020-01-17,304.769989,305.200012,304.200012,305.059998,290.570923,2218000,486
2020-01-21,304.079987,305.220001,304,304.429993,289.970825,2757900,487
2020-01-22,305.309998,305.920013,304.320007,304.51001,290.047058,2765300,488
2020-01-23,303.839996,304.970001,302.660004,304.809998,290.332764,2673100,489
2020-01-24,305.420013,305.519989,300.809998,302.029999,287.684845,3448200,490
2020-01-27,296.839996,298.730011,296.450012,297.230011,283.112854,4302000,491
2020-01-28,298.700012,301.220001,298.220001,300.450012,286.179901,3562500,492
2020-01-29,301.779999,301.940002,299.920013,300.149994,285.894135,2739400,493
2020-01-30,298.040009,301.290009,297.299988,301.089996,286.78949,4432700,494
2020-01-31,300.440002,300.600006,294.720001,295.690002,281.645996,6184700,495
2020-02-03,297.119995,299.670013,297.029999,297.839996,283.693848,3205200,496
2020-02-04,301.5,303.230011,301.160004,302.429993,288.065887,2292800,497
2020-02-05,305.399994,306.079987,303.869995,305.850006,291.323364,3049900,498
2020-02-06,306.799988,307.079987,305.809998,306.890015,292.314026,1925500,499
2020-02-07,305.829987,306.589996,304.73999,305.329987,290.828094,2249000,500
2020-02-10,304.390015,307.559998,304.350006,307.519989,292.914063,2246900,501
2020-02-11,308.929993,309.690002,307.609985,308.079987,293.447449,2438800,502
2020-02-12,309.559998,310.269989,309.170013,310.059998,295.333496,2115800,503
2020-02-13,308.600006,310.720001,308.359985,309.76001,295.047699,2043400,504
2020-02-14,310.109985,310.329987,309,310.279999,295.54306,1637000,505
2020-02-18,309.23999,309.820007,308.029999,309.429993,294.733368,3000300,506
2020-02-19,310.420013,311.589996,310.119995,310.920013,296.152618,2257500,507
2020-02-20,310.350006,311.190002,306.670013,309.700012,294.990601,4617300,508
2020-02-21,308.299988,308.579987,305.619995,306.48999,291.933014,2678000,509
2020-02-24,296.959991,299.380005,295.170013,296.23999,282.169861,7097000,510
2020-02-25,297.730011,298.230011,286.359985,287.339996,273.692566,8465800,511
2020-02-26,288.609985,292.279999,285.480011,286.070007,272.482849,10233700,512
2020-02-27,280.570007,284.480011,273.359985,273.390015,260.405121,14897000,513
2020-02-28,265.320007,272.920013,262.25,271.73999,258.833466,23179600,514
2020-03-02,274,284.040009,270.48999,283.869995,270.38736,12428600,515
2020-03-03,284.339996,288.320007,273.359985,276.040009,262.929321,9805900,516
2020-03-04,281.230011,287.649994,278.700012,287.480011,273.825928,5253900,517
2020-03-05,280.299988,283.410004,275.609985,277.850006,264.65329,6220000,518
2020-03-06,269.320007,274.459991,266.600006,273.190002,260.214661,6669100,519
2020-03-09,253.889999,260.98999,251.149994,252.110001,240.135834,16425900,520
2020-03-10,260.480011,263.809998,250,263.809998,252.459763,10879100,521
2020-03-11,256.660004,257.720001,247.619995,250.729996,239.942535,11480100,522
2020-03-12,234.940002,243.679993,225.809998,226.479996,216.735886,24669300,523
2020-03-13,240.660004,247.779999,228.100006,247.639999,236.985489,19533600,524
2020-03-16,222.850006,234.770004,218.139999,218.570007,209.166183,17271500,525
2020-03-17,223.75,233.949997,216.600006,232.880005,222.860535,15115500,526
2020-03-18,216.080002,224.740005,208.309998,220.149994,210.678223,20177500,527
2020-03-19,218.429993,226,212.110001,220.339996,210.860031,12441200,528
2020-03-20,222.800003,224.559998,210.050003,210.740005,201.67308,11533200,529
2020-03-23,209.630005,210.779999,200.550003,204.270004,195.481445,14128200,530
2020-03-24,216.389999,224.300003,214.830002,223.75,214.123322,13160800,531
2020-03-25,225,235.509995,220.320007,226.619995,216.869827,11876400,532
2020-03-26,229.270004,241.440002,228.850006,240.240005,229.903854,12411100,533
2020-03-27,232.699997,239.639999,230.660004,232.860001,222.84137,11170600,534
2020-03-30,234.919998,241.100006,232.970001,240.389999,230.047424,8727800,535
2020-03-31,239.449997,241.940002,235.440002,236.820007,226.631027,10386300,536
2020-04-01,227.919998,231.050003,224.130005,226.149994,216.420044,13710100,537
2020-04-02,225.330002,232.179993,224.720001,231.440002,221.482468,6547000,538
2020-04-03,230.429993,232.710007,225.339996,228.020004,218.209641,5490200,539
2020-04-06,236.960007,245.300003,235.929993,243.529999,233.052292,7624000,540
2020-04-07,251.919998,252.800003,243.460007,243.660004,233.176727,12936600,541
2020-04-08,246.240005,253.050003,244.050003,251.929993,241.090897,6958600,542
2020-04-09,255.119995,258.390015,253.139999,255.669998,244.670013,8812600,543
2020-04-13,254.639999,254.949997,249.380005,253.190002,242.296707,7666400,544
2020-04-14,258.23999,261.630005,257.209991,260.920013,249.694138,6631100,545
2020-04-15,255.080002,256.899994,253.110001,255.240005,244.258484,4888900,546
2020-04-16,256.51001,257.299988,253.399994,256.529999,245.492966,6165700,547
2020-04-17,262.309998,264,259.5,263.609985,252.268387,6738800,548
2020-04-20,259.649994,263.100006,258.579987,258.859985,247.722763,6498700,549
2020-04-21,254.25,255.490005,250,250.949997,240.153091,6526100,550
2020-04-22,255.830002,258.230011,254.479996,256.470001,245.435577,5626800,551
2020-04-23,257.75,260.899994,256.200012,256.420013,245.387726,7665400,552
2020-04-24,258,260.700012,255.940002,260.140015,248.947708,4768200,553
2020-04-27,262.01001,264.910004,261.570007,263.899994,252.545914,3892200,554
2020-04-28,267.480011,267.790009,262.299988,262.679993,251.378403,5849500,555
2020-04-29,267.980011,271,266.910004,269.450012,257.857147,6773100,556
2020-04-30,268.079987,268.579987,265.230011,267.100006,255.608246,7386600,557
2020-05-01,262.140015,262.850006,258.73999,259.820007,248.641449,4790700,558
2020-05-04,257.920013,260.899994,256.529999,260.640015,249.426147,4128900,559
2020-05-05,263.450012,265.809998,262.600006,263.040009,251.722916,4437200,560
2020-05-06,264.709991,265.109985,261.140015,261.269989,250.029053,3021400,561
2020-05-07,264.450012,266.299988,263.899994,264.359985,252.986053,3410200,562
2020-05-08,267.529999,269.140015,266.380005,268.779999,257.215973,3201100,563
2020-05-11,266.779999,270.200012,266.429993,268.820007,257.254211,3469300,564
2020-05-12,269.980011,270.399994,263.329987,263.410004,252.076965,5159900,565
2020-05-13,262.869995,263.899994,256.359985,258.73999,247.60791,5617500,566
2020-05-14,256.329987,262,253.970001,261.859985,250.593628,7737600,567
2020-05-15,259.540009,263.109985,258.559998,263.040009,251.722916,3385900,568
2020-05-18,269.320007,272.700012,269.059998,271.079987,259.416992,6759200,569
2020-05-19,270.609985,272.25,268.339996,268.519989,256.967163,4921100,570
2020-05-20,271.920013,273.790009,271.690002,272.899994,261.158661,4896200,571
2020-05-21,272.799988,273.589996,269.950012,270.940002,259.28299,3581300,572
2020-05-22,270.76001,271.720001,269.5,271.549988,259.86673,2296400,573
2020-05-26,277.529999,277.73999,274.549988,275.040009,263.206604,4911800,574
2020-05-27,277.779999,279.049988,272.859985,279.049988,267.044067,5152400,575
2020-05-28,280.029999,282.040009,277.809998,278.5,266.517731,4630600,576
2020-05-29,278.029999,280.350006,275.359985,279.75,267.713959,7049300,577
2020-06-01,279.070007,281.48999,278.570007,280.970001,268.88147,3888200,578
2020-06-02,281.790009,283.279999,280.459991,283.279999,271.092102,4343900,579
2020-06-03,285.200012,287.929993,284.929993,287.019989,274.671204,5568100,580
2020-06-04,286,287.75,284.200012,286.290009,273.972595,3818600,581
2020-06-05,291.630005,295.380005,291.609985,293.609985,280.9776,6015500,582
2020-06-08,294.429993,297.320007,293.880005,297.170013,284.38446,5559700,583
2020-06-09,294.48999,296.390015,293.630005,295.059998,282.365265,4686400,584
2020-06-10,295.529999,296.390015,292.589996,293.220001,280.604431,5602600,585
2020-06-11,286.359985,286.920013,275.799988,276.320007,264.431549,7748200,586
2020-06-12,283.350006,284.149994,274.5,279.649994,267.618286,6232200,587
2020-06-15,273.910004,283.350006,272.769989,282.200012,270.058533,4431400,588
2020-06-16,290.049988,290.200012,282.829987,287.720001,275.341003,5295000,589
2020-06-17,288.730011,289.019989,285.880005,286.399994,274.07785,2662800,590
2020-06-18,284.970001,287.119995,284.549988,286.660004,274.326721,2756300,591
2020-06-19,290.040009,290.269989,283.670013,284.970001,272.709351,3479500,592
2020-06-22,284.350006,287.190002,283.26001,286.859985,274.518097,2518000,593
2020-06-23,289.51001,290.429993,287.76001,288.160004,275.762115,2503600,594
2020-06-24,286.079987,286.700012,278.970001,280.790009,268.709198,4532300,595
2020-06-25,280.26001,284.100006,278.220001,283.76001,271.551422,3897400,596
2020-06-26,282.720001,282.920013,276.519989,277.109985,265.187531,4479000,597
2020-06-29,276.890015,279.720001,274.720001,279.700012,269.057495,3464600,598
2020-06-30,279.290009,284.950012,279.149994,283.429993,272.645538,5215700,599
2020-07-01,284.369995,286.51001,283.950012,285.369995,274.511719,3712600,600
2020-07-02,288.76001,290.049988,286.179993,286.809998,275.896912,3661100,601
2020-07-06,290.670013,291.579987,289.899994,291.26001,280.177612,3573800,602
2020-07-07,289.670013,291.679993,287.890015,288.23999,277.272552,3420300,603
2020-07-08,289,290.549988,287.290009,290.380005,279.331116,2434200,604
2020-07-09,291.019989,291.299988,285.410004,288.899994,277.90744,3164600,605
2020-07-10,288.720001,292.01001,287.339996,291.799988,280.697083,2712400,606
2020-07-13,294.100006,296.450012,288.609985,289.160004,278.157562,3657900,607
2020-07-14,287.790009,293.320007,286.630005,293.029999,281.88028,4053100,608
2020-07-15,296.190002,296.75,293.350006,295.630005,284.381348,6601400,609
2020-07-16,293.799988,295.109985,293.149994,294.769989,283.554077,3082900,610
2020-07-17,295.720001,296.350006,293.75,295.549988,284.304382,2246000,611
2020-07-20,295.329987,298.679993,294.600006,298.01001,286.670807,2539900,612
2020-07-21,299.859985,300.350006,297.660004,298.630005,287.267242,3305500,613
2020-07-22,298.220001,300.559998,298.109985,300.329987,288.902496,4121100,614
2020-07-23,299.929993,300.619995,295.380005,296.73999,285.449097,3487100,615
2020-07-24,294.859985,295.809998,293.299988,294.820007,283.602173,2851000,616
2020-07-27,295.480011,297.119995,294.73999,296.970001,285.670349,2253300,617
2020-07-28,296.179993,297.329987,294.790009,295.130005,283.90036,3135600,618
2020-07-29,296,299.26001,295.899994,298.700012,287.334534,2370800,619
2020-07-30,295.73999,298.059998,293.670013,297.609985,286.28598,2951700,620
2020-07-31,299.450012,300.100006,295.23999,300.100006,288.681305,4460300,621
2020-08-03,301.649994,302.820007,301.130005,301.98999,290.499329,3767700,622
2020-08-04,301.220001,303.26001,301.220001,303.26001,291.7211,2129200,623
2020-08-05,304.609985,305.399994,304.309998,305.149994,293.539093,2615100,624
2020-08-06,304.579987,307.290009,304.25,307.200012,295.511108,4088200,625
2020-08-07,306.230011,307.600006,305.320007,307.359985,295.665009,3319600,626
2020-08-10,307.880005,308.5,305.920013,308.339996,296.607758,2118200,627
2020-08-11,309.519989,310.119995,305.070007,305.850006,294.212463,3571200,628
2020-08-12,308.25,310.809998,308.200012,310.040009,298.243042,2947400,629
2020-08-13,309.299988,310.779999,308.559998,309.51001,297.733185,4074200,630
2020-08-14,309.149994,310.019989,308.339996,309.51001,297.733185,2097600,631
2020-08-17,310.440002,310.869995,310.089996,310.51001,298.69519,2183400,632
2020-08-18,310.929993,311.549988,309.279999,311.160004,299.320465,2415800,633
2020-08-19,311.549988,312.279999,309.309998,309.839996,298.050659,2498300,634
2020-08-20,308.109985,311.269989,308.019989,310.820007,298.993378,2409300,635
2020-08-21,310.480011,312.100006,310.170013,311.929993,300.061096,2316200,636
2020-08-24,314.359985,315.170013,313.369995,315.100006,303.110535,2349600,637
2020-08-25,315.690002,316.26001,314.5,316.200012,304.168762,2890800,638
2020-08-26,316.75,319.630005,316.25,319.429993,307.275757,2606000,639
2020-08-27,320.220001,321.5,318.470001,320.070007,307.891449,2295900,640
2020-08-28,321.140015,322.279999,319.950012,322.149994,309.892273,3538700,641
2020-08-31,321.980011,322.829987,320.799988,321.019989,308.805267,5068000,642
2020-09-01,321.809998,324.100006,320.940002,324.019989,311.691162,3008000,643
2020-09-02,325.940002,329.670013,324.779999,328.73999,316.231476,5273100,644
2020-09-03,327.01001,327.51001,314.809998,317.359985,305.284515,6892000,645
2020-09-04,317.769989,319.600006,306.899994,314.820007,302.841156,5133900,646
2020-09-08,309.350006,310.589996,305.850006,306.170013,294.520294,4278300,647
2020-09-09,310.149994,314.660004,309.290009,312.209991,300.330475,3339800,648
2020-09-10,314.049988,314.709991,305.820007,306.75,295.078186,3589000,649
2020-09-11,308.549988,309.589996,304.170013,306.980011,295.299469,3690100,650
2020-09-14,310.079987,312.75,309.609985,310.970001,299.137695,3056100,651
2020-09-15,313.470001,314.26001,311.519989,312.570007,300.676758,2570900,652
2020-09-16,313.809998,315.179993,311.040009,311.309998,299.464752,2313400,653
2020-09-17,306.480011,310.269989,305.959991,308.589996,296.848206,2848300,654
2020-09-18,309.440002,309.480011,302.549988,305,293.394806,3420800,655
2020-09-21,300.470001,301.75,296.829987,301.690002,290.210724,4536800,656
2020-09-22,303.109985,305.23999,300.670013,304.73999,293.144714,2741500,657
2020-09-23,305.279999,305.549988,297.170013,297.679993,286.353333,2755800,658
2020-09-24,296.309998,301.459991,295.040009,298.5,287.142151,3130700,659
2020-09-25,297.579987,304.040009,296.720001,303.279999,291.740234,2683800,660
2020-09-28,307.420013,309.019989,306.429993,308.359985,296.626923,2437900,661
2020-09-29,306.839996,307.51001,304.649994,305.299988,294.935425,2303900,662
2020-09-30,306.040009,310.75,305.850006,307.649994,297.205627,4304500,663
2020-10-01,310.160004,311.109985,307.76001,309.600006,299.089478,3005700,664
2020-10-02,304.720001,308.579987,304.209991,306.720001,296.30722,3125100,665
2020-10-05,308.690002,312.290009,308.690002,312.079987,301.485229,2364500,666
2020-10-06,312.25,314.320007,307.179993,307.720001,297.273254,3389800,667
2020-10-07,310.609985,313.809998,310.600006,313,302.373962,1707800,668
2020-10-08,314.959991,315.850006,314.049988,315.769989,305.050018,1731700,669
2020-10-09,317.470001,319.100006,316.850006,318.579987,307.764557,2794100,670
2020-10-12,321.140015,325.220001,320.660004,323.720001,312.730072,2194300,671
2020-10-13,323.640015,323.730011,320.709991,321.649994,310.730347,2229700,672
2020-10-14,322.220001,323.299988,318.929993,319.640015,308.788574,1902100,673
2020-10-15,315.709991,319.700012,315.230011,319.26001,308.421539,2481700,674
2020-10-16,320.649994,322.209991,318.899994,318.98999,308.160614,1669600,675
2020-10-19,320.299988,320.890015,313.329987,314.170013,303.504303,2229600,676
2020-10-20,315.480011,318.670013,314.779999,315.410004,304.702209,3066600,677
2020-10-21,315.410004,317.519989,314.589996,314.839996,304.15155,2607700,678
2020-10-22,315.059998,317.160004,312.98999,316.570007,305.822815,2362400,679
2020-10-23,317.839996,317.839996,315.23999,317.649994,306.86618,1429300,680
2020-10-26,314.309998,315.079987,308.359985,311.799988,301.214752,3335800,681
2020-10-27,312.179993,312.470001,310.559998,310.769989,300.219696,2196100,682
2020-10-28,305.130005,305.73999,299.619995,300.070007,289.882935,5650500,683
2020-10-29,300.320007,306.25,298.690002,303.230011,292.935669,5365200,684
2020-10-30,301.559998,302.859985,296.369995,299.820007,289.641479,5892100,685
2020-11-02,303.369995,305.309998,300.630005,303.309998,293.013,4080400,686
2020-11-03,306.570007,310.73999,306.089996,308.660004,298.181366,3378300,687
2020-11-04,313.190002,319.649994,312,315.609985,304.895416,5750200,688
2020-11-05,320.940002,323.549988,320.519989,321.790009,310.865601,3950300,689
2020-11-06,321.440002,322.920013,319.429993,321.75,310.826935,3640600,690
2020-11-09,334.359985,335.200012,325.279999,325.76001,314.700836,8097300,691
2020-11-10,324.769989,326.299988,322.059998,325.339996,314.295074,4120800,692
2020-11-11,327.420013,328.5,326.170013,327.630005,316.507324,2773500,693
2020-11-12,326.73999,327.440002,322.730011,324.600006,313.58017,2532700,694
2020-11-13,326.450012,329.730011,325.890015,329.01001,317.840515,1996100,695
2020-11-16,331.649994,333.119995,330.410004,333,321.695099,3018800,696
2020-11-17,330.730011,332.5,329.25,331.339996,320.091339,3052100,697
2020-11-18,331.630005,332.140015,327.290009,327.320007,316.207855,2647800,698
2020-11-19,326.76001,329.089996,325.410004,328.690002,317.531342,2962200,699
2020-11-20,328.410004,328.660004,326.399994,326.48999,315.406067,3516800,700
2020-11-23,328.279999,329.600006,326.059998,328.420013,317.270569,2222600,701
2020-11-24,331.019989,334.25,330.100006,333.73999,322.409851,2659700,702
2020-11-25,333.670013,333.670013,332.149994,333.190002,321.878601,2256900,703
2020-11-27,334.290009,334.609985,333.179993,334.140015,322.796326,984700,704
2020-11-30,333.399994,333.630005,330.040009,332.640015,321.34726,4175700,705
2020-12-01,335.920013,337.799988,335.320007,336.299988,324.882996,3224200,706
2020-12-02,335.220001,337.109985,334.649994,337.01001,325.568909,2270300,707
2020-12-03,336.910004,338.299988,335.880005,336.910004,325.472351,2851100,708
2020-12-04,337.5,339.839996,337.450012,339.809998,328.273865,2907000,709
2020-12-07,339.070007,339.630005,337.910004,339.179993,327.665222,1943100,710
2020-12-08,337.890015,340.700012,337.850006,340.160004,328.611938,1948200,711
2020-12-09,340.790009,340.929993,336.26001,337.140015,325.694519,2545800,712
2020-12-10,335.73999,338,334.839996,336.980011,325.539917,2738600,713
2020-12-11,335.309998,336.799988,333.769989,336.549988,325.124481,2387900,714
2020-12-14,338.76001,339.790009,334.890015,335.01001,323.63678,2654600,715
2020-12-15,337.640015,339.640015,336.23999,339.640015,328.10965,2757400,716
2020-12-16,339.829987,341.040009,338.959991,340.160004,328.611938,2943200,717
2020-12-17,341.769989,342.25,340.959991,342.01001,330.39917,2627000,718
2020-12-18,342.390015,342.5,338.700012,340.640015,329.075653,6025700,719
2020-12-21,336.829987,340.380005,334.109985,339.589996,328.061279,3918100,720
2020-12-22,338.470001,338.549988,336.470001,337.540009,327.414337,2371900,721
2020-12-23,338.540009,339.75,337.690002,337.809998,327.676208,3682200,722
2020-12-24,338.369995,339.179993,337.769989,339.160004,328.985718,1447500,723
2020-12-28,341.73999,342.459991,341.089996,342.109985,331.847229,2798800,724
2020-12-29,343.630005,343.769989,340.869995,341.390015,331.148865,2555500,725
2020-12-30,342.279999,342.910004,341.570007,341.850006,331.595062,2009100,726
2020-12-31,341.820007,344.369995,341.230011,343.690002,333.379822,3507000,727
2021-01-04,345.019989,345.089996,335.369995,339.029999,328.859589,5402600,728
2021-01-05,338.399994,342.390015,338.390015,341.26001,331.022766,3299700,729
2021-01-06,339.790009,346.5,339.299988,343.329987,333.030579,4805000,730
2021-01-07,345.73999,349.200012,345.540009,348.459991,338.006744,3638900,731
2021-01-08,349.880005,350.619995,346.640015,350.420013,339.907928,3758500,732
2021-01-11,347.359985,349.820007,347.200012,348.130005,337.686646,2975000,733
2021-01-12,348.299988,349.149994,345.970001,348.160004,337.71579,2298400,734
2021-01-13,348.109985,350.059998,347.320007,349.029999,338.559631,3039900,735
2021-01-14,349.850006,350.320007,347.549988,347.850006,337.415039,3497400,736
2021-01-15,346.269989,347.059998,343.529999,345.369995,335.009399,3622100,737
2021-01-19,347.799988,348.589996,346.359985,348.100006,337.657501,3433800,738
2021-01-20,350.320007,353.709991,349.970001,352.829987,342.245667,2920600,739
2021-01-21,353.459991,353.839996,352.299988,353.160004,342.565735,2580800,740
2021-01-22,351.380005,353.040009,350.98999,351.899994,341.343506,1812200,741
2021-01-25,352.709991,353.679993,347.970001,353.329987,342.730621,3549000,742
2021-01-26,354.230011,354.649994,352.600006,352.799988,342.216492,2430200,743
2021-01-27,349.540009,349.559998,341.98999,344.23999,333.9133,5010400,744
2021-01-28,345.970001,351.070007,345.579987,347.130005,336.716614,3432200,745
2021-01-29,345.309998,346.220001,338.570007,340.179993,329.975128,5803600,746
2021-02-01,343.630005,346.850006,341.399994,345.769989,335.39743,3334000,747
2021-02-02,349.049988,352.339996,349,350.73999,340.218353,2955200,748
2021-02-03,351.700012,352.799988,349.880005,351.089996,340.557831,3392800,749
2021-02-04,352.119995,355.040009,351.920013,355.019989,344.369965,1988300,750
2021-02-05,356.899994,357.130005,355.320007,356.440002,345.747345,2091800,751
2021-02-08,357.920013,359.070007,357.059998,359.070007,348.298462,3371100,752
2021-02-09,358.220001,359.329987,357.769989,358.779999,348.017151,1891200,753
2021-02-10,360.529999,360.609985,356.299988,358.640015,347.881378,2400000,754
2021-02-11,359.709991,360.100006,356.839996,359.220001,348.44397,2237200,755
2021-02-12,358.450012,361.190002,358.359985,361.049988,350.219025,2144500,756
2021-02-16,362.149994,362.369995,359.980011,360.709991,349.889282,4408500,757
2021-02-17,359.029999,360.970001,357.920013,360.790009,349.966827,3211800,758
2021-02-18,358.23999,359.929993,356.48999,359.25,348.473022,3010500,759
2021-02-19,360.470001,360.709991,358.140015,358.589996,347.832825,2487100,760
2021-02-22,355.839996,358.190002,355.559998,355.769989,345.097412,3291000,761
2021-02-23,353.690002,357.559998,349.529999,356.220001,345.533936,5251100,762
2021-02-24,355.149994,360.579987,354.200012,360.160004,349.355774,3301200,763
2021-02-25,359.029999,360.269989,350.079987,351.519989,340.974915,7049200,764
2021-02-26,353.470001,354.470001,347.709991,349.589996,339.102844,7579500,765
2021-03-01,354.549988,359.390015,354.5,358.119995,347.376923,3721100,766
2021-03-02,358.380005,358.630005,355.160004,355.350006,344.690033,5462600,767
2021-03-03,354.700012,355.640015,350.559998,350.660004,340.140778,6317600,768
2021-03-04,350.48999,353.019989,341.920013,346.339996,335.950287,6604500,769
2021-03-05,349.769989,353.730011,342.589996,352.690002,342.109833,8721300,770
2021-03-08,353.630005,356.399994,350.660004,350.959991,340.431763,5663500,771
2021-03-09,354.75,358.459991,354.230011,355.869995,345.194427,6075100,772
2021-03-10,358.299988,359.839996,356.880005,358.070007,347.328461,7231400,773
2021-03-11,360.660004,363.76001,360.160004,361.850006,350.995087,3340700,774
2021-03-12,360.5,362.450012,359.670013,362.359985,351.489777,4847300,775
2021-03-15,362.670013,364.75,360.450012,364.459991,353.526733,3154800,776
2021-03-16,365.119995,365.779999,363.25,364.049988,353.129059,3698400,777
2021-03-17,362.829987,366.049988,361.619995,365.23999,354.283386,5011600,778
2021-03-18,362.730011,364.76001,359.279999,359.869995,349.074432,5067500,779
2021-03-19,359.649994,361.170013,357.140015,359.230011,348.453674,5382800,780
2021-03-22,359.790009,363.5,359.76001,362.070007,351.208466,3417600,781
2021-03-23,361.529999,362.940002,358.51001,359.410004,348.628265,4954600,782
2021-03-24,360.709991,362.269989,357.420013,357.420013,346.697968,4099000,783
2021-03-25,356.079987,360.23999,354.140015,359.429993,348.647644,5487300,784
2021-03-26,359.369995,364.369995,358.75,364.01001,354.335358,3322600,785
2021-03-29,362.570007,364.679993,361.109985,363.790009,354.121185,3143300,786
2021-03-30,362.559998,363.470001,361.269989,362.859985,353.215912,3696200,787
2021-03-31,363.390015,365.820007,363.390015,364.299988,354.617615,7470300,788
2021-04-01,366.200012,368.290009,366.029999,368.160004,358.375031,5132000,789
2021-04-05,370.890015,374.070007,370.809998,373.470001,363.543884,3764100,790
2021-04-06,373.040009,374.329987,372.670013,373.26001,363.339508,3583500,791
2021-04-07,373.140015,374.079987,372.720001,373.730011,363.796997,2768900,792
2021-04-08,374.970001,375.559998,374.059998,375.549988,365.568634,3949400,793
2021-04-09,375.420013,378.399994,375.329987,378.25,368.196869,2627500,794
2021-04-12,377.700012,378.649994,377.079987,378.420013,368.362366,2747500,795
2021-04-13,378.369995,380.119995,377.920013,379.450012,369.36499,2985500,796
2021-04-14,379.459991,380.51001,377.700012,378.230011,368.177399,3691100,797
2021-04-15,380.329987,382.540009,380.279999,382.290009,372.129547,3573800,798
2021-04-16,383.559998,384.149994,382.190002,383.630005,373.433899,3252500,799
2021-04-19,382.619995,383.089996,380.369995,381.73999,371.594086,3945700,800
2021-04-20,380.48999,381.160004,377.470001,378.940002,368.8685,4106700,801
2021-04-21,378.279999,382.670013,378.140015,382.5,372.333893,3640100,802
2021-04-22,382.320007,383.119995,377.959991,378.98999,368.917236,3965000,803
2021-04-23,379.570007,384.459991,379.459991,383.029999,372.849823,3781100,804
2021-04-26,383.730011,384.450012,383.320007,383.859985,373.657745,3125200,805
2021-04-27,384.200012,384.380005,382.720001,383.73999,373.540955,3370600,806
2021-04-28,384.100006,385.170013,383.23999,383.559998,373.365723,3960400,807
2021-04-29,386.399994,386.73999,382.809998,386.119995,375.857727,4209900,808
2021-04-30,383.910004,384.76001,382.730011,383.570007,373.375458,5219200,809
2021-05-03,385.559998,385.940002,383.959991,384.440002,374.222382,4180800,810
2021-05-04,382.519989,382.959991,378.450012,382.100006,371.944611,5485600,811
2021-05-05,383.720001,383.910004,381.440002,382.170013,372.012695,4410700,812
2021-05-06,382.26001,385.369995,380.269989,385.279999,375.040009,4737300,813
2021-05-07,386.019989,388.679993,385.329987,388.029999,377.716949,3516600,814
2021-05-10,388.410004,388.660004,384.089996,384.230011,374.017944,5942700,815
2021-05-11,379.75,381.73999,376.950012,380.859985,370.737518,7081500,816
2021-05-12,378.040009,379.269989,372.130005,372.730011,362.823578,7707400,817
2021-05-13,374.209991,379.049988,374.170013,377.160004,367.135834,7179100,818
2021-05-14,379.809998,383.790009,379.809998,382.950012,372.772003,5167900,819
2021-05-17,381.899994,382.75,380,382.029999,371.876404,3781600,820
2021-05-18,382.25,382.470001,378.540009,378.730011,368.664093,3128300,821
2021-05-19,374.059998,377.839996,372.619995,377.730011,367.690704,5086300,822
2021-05-20,378.570007,382.98999,378.450012,381.76001,371.613586,4776700,823
2021-05-21,383.230011,384.450012,381.01001,381.470001,371.331329,3567500,824
2021-05-24,383.690002,386.399994,383.440002,385.320007,375.078979,2962500,825
2021-05-25,386.399994,386.76001,383.940002,384.51001,374.290497,4031800,826
2021-05-26,385.089996,385.75,384.070007,385.209991,374.971863,2642700,827
2021-05-27,386.279999,386.779999,385.320007,385.380005,375.13739,3015900,828
2021-05-28,387.029999,387.269989,385.940002,386.130005,375.867462,3370100,829
2021-06-01,388.5,388.619995,385.380005,385.829987,375.575378,4389000,830
2021-06-02,386.450012,387.23999,385.470001,386.480011,376.20816,3209200,831
2021-06-03,384.170013,386.109985,382.700012,385.01001,374.777252,3391000,832
2021-06-04,386.809998,388.799988,386.76001,388.5,378.174469,2628100,833
2021-06-07,388.519989,388.690002,387.25,388.170013,377.853241,2500600,834
2021-06-08,389,389.079987,386.440002,388.230011,377.911621,2386600,835
2021-06-09,389.079987,389.130005,387.410004,387.619995,377.317841,2968100,836
2021-06-10,388.859985,390.359985,387.579987,389.410004,379.060272,2611800,837
2021-06-11,390,390.200012,388.730011,390.089996,379.722168,2241500,838
2021-06-14,390.209991,391.070007,389,391.070007,380.676147,2252200,839
2021-06-15,391.149994,391.200012,389.410004,390.25,379.87793,2405000,840
2021-06-16,390.420013,390.579987,386.019989,388.109985,377.79483,4194300,841
2021-06-17,387.619995,388.910004,385.5,387.970001,377.658539,4065300,842
2021-06-18,384.790009,385.380005,382.519989,382.820007,372.645416,5211100,843
2021-06-21,384.5,388.380005,383.649994,388.179993,377.862915,4389800,844
2021-06-22,388.23999,391.089996,387.470001,390.23999,379.868164,2705400,845
2021-06-23,390.350006,391.140015,389.700012,389.820007,379.459381,2404200,846
2021-06-24,391.890015,392.519989,391.670013,392.049988,381.630096,2987800,847
2021-06-25,392.899994,393.920013,392.540009,393.5,383.041565,2862800,848
2021-06-28,394.029999,394.450012,392.829987,394.320007,383.839783,2418500,849
2021-06-29,393.350006,393.940002,392.660004,393.160004,384.008698,2927600,850
2021-06-30,392.720001,394.130005,392.720001,393.519989,384.360321,3795900,851
2021-07-01,394.299988,395.850006,394.209991,395.73999,386.528656,3414500,852
2021-07-02,396.850006,399.049988,396.529999,398.75,389.468628,4363100,853
2021-07-06,398.769989,398.98999,395.299988,398,388.736084,4331300,854
2021-07-07,398.670013,399.660004,396.679993,399.369995,390.074188,4747800,855
2021-07-08,394.200012,396.880005,393.019989,396.190002,386.968201,5817100,856
2021-07-09,397.630005,400.649994,397.420013,400.369995,391.050903,3332200,857
2021-07-12,400.299988,402.029999,399.869995,401.820007,392.467163,2929200,858
2021-07-13,401.079987,402.5,400.179993,400.459991,391.138794,4313100,859
2021-07-14,402.059998,402.570007,399.820007,401.01001,391.676025,3332200,860
2021-07-15,399.73999,400.380005,397.809998,399.720001,390.416016,4483900,861
2021-07-16,400.839996,400.880005,396.140015,396.609985,387.378387,4516600,862
2021-07-19,391.779999,392.26001,387.929993,390.679993,381.586426,12336200,863
2021-07-20,391.350006,397.5,390.01001,396.200012,386.977966,4043100,864
2021-07-21,397.480011,399.619995,397.269989,399.529999,390.230438,2996600,865
2021-07-22,399.709991,400.559998,398.700012,400.380005,391.060669,2575700,866
2021-07-23,402.170013,404.75,401.579987,404.380005,394.96756,3151900,867
2021-07-26,403.920013,405.420013,403.820007,405.410004,395.973602,2374300,868
2021-07-27,404.450012,404.450012,400.799988,403.609985,394.215485,3626100,869
2021-07-28,404.170013,404.76001,402.040009,403.390015,394.000641,3763700,870
2021-07-29,404.359985,406.130005,404.350006,405.130005,395.700104,2274200,871
2021-07-30,402.589996,404.529999,402.470001,403.149994,393.766205,5204500,872
2021-08-02,404.779999,405.359985,401.940002,402.329987,392.96524,5814700,873
2021-08-03,403.079987,405.660004,400.920013,405.579987,396.139618,4129600,874
2021-08-04,404.309998,404.859985,403.339996,403.640015,394.244781,3880200,875
2021-08-05,404.700012,406.190002,404.380005,406.160004,396.706146,3052800,876
2021-08-06,406.440002,407.179993,406.170013,406.859985,397.389832,2486900,877
2021-08-09,406.75,407.049988,405.690002,406.470001,397.008911,1984400,878
2021-08-10,406.910004,407.670013,406.230011,406.980011,397.50705,2400700,879
2021-08-11,408,408.070007,406.910004,407.959991,398.464233,3554400,880
2021-08-12,407.820007,409.329987,406.970001,409.149994,399.626526,2319300,881
2021-08-13,409.640015,409.959991,409.179993,409.959991,400.417694,2253800,882
2021-08-16,408.709991,411.01001,407.149994,410.940002,401.374847,3379100,883
2021-08-17,408.410004,409.049988,405.309998,408.230011,398.727966,5186300,884
2021-08-18,407.220001,408.75,403.540009,403.839996,394.440094,4878300,885
2021-08-19,401.089996,405.549988,400.929993,404.410004,394.996887,5505700,886
2021-08-20,404.679993,407.920013,404.26001,407.609985,398.122345,3263600,887
2021-08-23,409.25,412.079987,409.230011,411.220001,401.648346,3259400,888
2021-08-24,411.899994,412.359985,411.350006,411.869995,402.283234,3006500,889
2021-08-25,412.059998,413.209991,411.670013,412.630005,403.025543,3261400,890
2021-08-26,412.410004,412.660004,410.200012,410.220001,400.671661,4707600,891
2021-08-27,411.089996,414.329987,411.019989,413.859985,404.226898,3882200,892
2021-08-30,414.660004,416.559998,414.390015,415.76001,406.082733,2811800,893
2021-08-31,415.660004,416.019989,414.579987,415.049988,405.389221,6062900,894
2021-09-01,416.049988,416.589996,415.160004,415.48999,405.819,3256400,895
2021-09-02,416.799988,417.440002,415.5,416.730011,407.03009,2835500,896
2021-09-03,415.579987,417.059998,415.160004,416.570007,406.87381,3740000,897
2021-09-07,416.269989,416.290009,414.420013,415.029999,405.369659,3542500,898
2021-09-08,414.529999,415.26001,412.670013,414.630005,404.979034,4012600,899
2021-09-09,414.339996,416.070007,412.570007,412.769989,403.162292,3887800,900
2021-09-10,414.690002,415.100006,409.420013,409.579987,400.046539,4035500,901
2021-09-13,412.519989,412.709991,408.309998,410.540009,400.984192,4738300,902
2021-09-14,412.019989,412.179993,407.48999,408.410004,398.903809,3657700,903
2021-09-15,408.790009,412.26001,407.700012,411.820007,402.234375,3891400,904
2021-09-16,411.269989,412.190002,408.230011,411.109985,401.540863,3351500,905
2021-09-17,410.350006,410.779999,406.769989,407.079987,397.604706,5396100,906
2021-09-20,401.109985,402.640015,395.570007,400.429993,391.109497,10942700,907
2021-09-21,402.660004,403.899994,399.440002,400.040009,390.728607,6418100,908
2021-09-22,402.170013,405.850006,401.26001,403.899994,394.498749,6004800,909
2021-09-23,405.709991,410.320007,405.470001,408.779999,399.265137,4098000,910
2021-09-24,407.170013,410.130005,406.950012,409.459991,399.929321,3417700,911
2021-09-27,408.420013,409.570007,407.589996,408.299988,398.796295,3546600,912
2021-09-28,405.549988,405.869995,399.329987,400.140015,390.826263,8234300,913
2021-09-29,400.100006,401.790009,398.859985,399.459991,391.44162,4724200,914
2021-09-30,400.850006,401.519989,394.339996,394.399994,386.483215,9511200,915
2021-10-01,396.230011,400.850006,392.769989,399.119995,391.108429,8482200,916
2021-10-04,398.119995,398.940002,391.959991,394.209991,386.297028,8820400,917
2021-10-05,395.559998,400.350006,394.790009,398.040009,390.05014,5523200,918
2021-10-06,394.649994,400.019989,393.059998,399.809998,391.784637,6590000,919
2021-10-07,403.070007,406.049988,402.850006,403.25,395.155548,4409200,920
2021-10-08,404.040009,404.390015,401.940002,402.48999,394.410797,3960900,921
2021-10-11,401.910004,404.73999,399.559998,399.559998,391.539642,3695700,922
2021-10-12,400.549988,400.920013,397.869995,398.76001,390.755737,6201300,923
2021-10-13,399.640015,400.880005,396.75,400.040009,392.01001,6492400,924
2021-10-14,403.700012,406.950012,403.220001,406.76001,398.595093,3785200,925
2021-10-15,408.920013,410.26001,408.279999,409.929993,401.701447,3501600,926
2021-10-18,408.200012,411.459991,407.529999,411.179993,402.926422,3402700,927
2021-10-19,412.73999,414.380005,412.140015,414.380005,406.062164,2838300,928
2021-10-20,414.73999,416.220001,414.649994,415.98999,407.639862,3208200,929
2021-10-21,415.380005,417.23999,414.940002,417.01001,408.639374,2579500,930
2021-10-22,416.579987,418,414.700012,416.589996,408.227783,3648900,931
2021-10-25,417.640015,419.140015,415.929993,418.75,410.344452,2511500,932
2021-10-26,420.269989,421.529999,418.859985,419.149994,410.736389,3085300,933
2021-10-27,419.660004,420.290009,417.279999,417.329987,408.952911,2873500,934
2021-10-28,418.779999,421.440002,418.75,421.410004,412.95105,3643600,935
2021-10-29,419.149994,422.519989,418.869995,422.160004,413.686005,4637400,936
2021-11-01,423.190002,423.570007,421.279999,423.049988,414.558105,3937300,937
2021-11-02,423.149994,424.959991,423.01001,424.690002,416.165222,2989200,938
2021-11-03,424.140015,427.660004,423.690002,427.25,418.673859,3562900,939
2021-11-04,427.850006,429.369995,427.540009,429.25,420.633667,4287300,940
2021-11-05,431.549988,432.76001,429.299988,430.709991,422.064392,4942900,941
2021-11-08,431.880005,432.339996,430.5,431.230011,422.573914,3511600,942
2021-11-09,431.559998,431.75,428.339996,429.720001,421.094208,4696000,943
2021-11-10,428.089996,429.730011,424.809998,426.26001,417.703705,6350700,944
2021-11-11,427.700012,427.820007,426.390015,426.399994,417.840912,3634600,945
2021-11-12,427.660004,430.170013,426.730011,429.570007,420.947296,3655500,946
2021-11-15,430.950012,431.01001,428.649994,429.769989,421.14325,3122300,947
2021-11-16,429.519989,432.589996,429.470001,431.410004,422.750305,3267000,948
2021-11-17,431.23999,431.390015,429.839996,430.369995,421.731232,3764900,949
2021-11-18,431.440002,432.170013,428.799988,431.859985,423.191284,4732200,950
2021-11-19,431.869995,432.98999,430.380005,431.049988,422.397552,4886200,951
2021-11-22,432.929993,435.410004,429.720001,429.910004,421.280426,4868300,952
2021-11-23,429.570007,431.290009,427.040009,430.470001,421.829163,6795200,953
2021-11-24,428.559998,431.75,427.709991,431.529999,422.867889,4569600,954
2021-11-26,425.190002,426.519989,420.899994,422.140015,413.666382,7702500,955
2021-11-29,426.709991,428.980011,424.549988,427.23999,418.664032,6300800,956
2021-11-30,424.799988,426.630005,418.630005,419.059998,410.648224,8657600,957
2021-12-01,424.470001,427.220001,413.970001,414.23999,405.924957,8337000,958
2021-12-02,414.420013,422.059998,414.029999,420.559998,412.118103,10417700,959
2021-12-03,422.119995,423.190002,412.769989,416.839996,408.472778,10228900,960
2021-12-06,419.410004,423.660004,417,421.820007,413.352844,7289500,961
2021-12-07,426.980011,431.100006,426.940002,430.48999,421.848785,4731900,962
2021-12-08,430.950012,432.140015,429.23999,431.700012,423.034515,4476500,963
2021-12-09,430.459991,431.320007,428.609985,428.76001,420.153503,5035400,964
2021-12-10,431.440002,432.959991,428.950012,432.850006,424.161407,6238300,965
2021-12-13,432.359985,432.660004,428.75,429.01001,420.398499,5923900,966
2021-12-14,425.799988,428.23999,423.200012,426.089996,417.537109,6522900,967
2021-12-15,426.109985,432.980011,423.670013,432.75,424.063416,6871300,968
2021-12-16,434.559998,434.799988,427.350006,428.839996,420.231934,7159500,969
2021-12-17,425.850006,428.790009,422.670013,424.390015,415.871216,8882700,970
2021-12-20,419.390015,420.220001,416.299988,419.799988,411.373383,9903400,971
2021-12-21,421.649994,425.850006,419.519989,425.690002,418.674072,6916700,972
2021-12-22,425.450012,430.089996,425.320007,429.98999,422.903168,4992200,973
2021-12-23,430.910004,434.100006,430.869995,432.640015,425.509491,5032700,974
2021-12-27,433.980011,438.820007,433.950012,438.809998,431.577789,4986300,975
2021-12-28,439.279999,440.190002,437.660004,438.480011,431.253265,4865800,976
2021-12-29,438.5,439.950012,437.540009,439.01001,431.774536,4596700,977
2021-12-30,439.390015,440.359985,437.320007,437.769989,430.554932,3751800,978
2021-12-31,437.230011,438.380005,436.390015,436.570007,429.374725,5185600,979
2022-01-03,437.929993,439.269989,435.640015,439.25,432.010559,6017300,980
2022-01-04,440.579987,441.26001,437.220001,439.070007,431.833496,6262200,981
2022-01-05,438.779999,439.410004,430.529999,430.660004,423.562103,7539600,982
2022-01-06,430.200012,432.829987,427.899994,430.079987,422.991669,7971500,983
2022-01-07,430.209991,431.359985,427.200012,428.589996,421.526215,6157500,984
2022-01-10,425.380005,428.190002,419.769989,428.029999,420.975464,10481500,985
2022-01-11,427.679993,431.950012,424.779999,431.779999,424.663635,7282400,986
2022-01-12,433.559998,435.040009,431.140015,433.070007,425.932373,8270300,987
2022-01-13,434.089996,434.720001,426.089996,427.100006,420.06076,7521300,988
2022-01-14,423.950012,427.579987,422.809998,427.230011,420.188629,9960800,989
2022-01-18,422.619995,424.980011,417.329987,419.73999,412.822052,10681500,990
2022-01-19,421.170013,422.540009,415.070007,415.329987,408.484741,8184100,991
2022-01-20,417.170013,421.75,410.290009,410.76001,403.990082,8907600,992
2022-01-21,409.709991,411.929993,402.660004,402.690002,396.053101,16225900,993
2022-01-24,397.26001,404.880005,386.839996,404.369995,397.705383,22970700,994
2022-01-25,398.170013,404.26001,392.730011,399.459991,392.876312,16836300,995
2022-01-26,405.660004,408.200012,394.339996,398.559998,391.99115,14377300,996
2022-01-27,402.929993,405.970001,394.820007,396.540009,390.004456,12455200,997
2022-01-28,397.820007,406.329987,393.299988,406.26001,399.56424,12096800,998
2022-01-31,405.670013,413.970001,404.350006,413.690002,406.871826,9200400,999
2022-02-01,414.339996,417.040009,410.899994,416.390015,409.527313,8154900,1000
2022-02-02,418.980011,421.179993,416.540009,420.359985,413.431824,6726500,1001
2022-02-03,414.589996,416.429993,409.790009,410.589996,403.822906,7658300,1002
2022-02-04,410.339996,416.23999,408.059998,412.519989,405.7211,8210000,1003
2022-02-07,413.230011,414.619995,409.899994,411.160004,404.383514,5620900,1004
2022-02-08,410.720001,415.459991,409.350006,414.48999,407.65863,5565700,1005
2022-02-09,418.549988,420.869995,418.350006,420.570007,413.638397,6284500,1006
2022-02-10,414.929993,420.799988,411.140015,413.179993,406.370209,9260500,1007
2022-02-11,413.149994,415.200012,403.570007,404.940002,398.266052,10458600,1008
2022-02-14,404.429993,405.98999,400.23999,403.619995,396.967743,10167600,1009
2022-02-15,408.179993,410.290009,407.459991,410.100006,403.340973,6815000,1010
2022-02-16,408.200012,411.890015,406.320007,410.589996,403.822906,7743800,1011
2022-02-17,407.48999,407.980011,401.230011,401.859985,395.236786,7541000,1012
2022-02-18,402.149994,403.309998,397,399.290009,392.709167,10570800,1013
2022-02-22,397.049988,400.369995,391.51001,394.920013,388.411163,10414700,1014
2022-02-23,397.73999,398.320007,387.380005,387.809998,381.418335,12154900,1015
2022-02-24,377.76001,394.170013,377.5,393.769989,387.280121,21277200,1016
2022-02-25,394.950012,402.519989,393.399994,402.369995,395.738342,11665200,1017
2022-02-28,397.179993,402.850006,396,401.359985,394.744995,11855900,1018
2022-03-01,400.01001,401.920013,392.790009,395.339996,388.824219,9124400,1019
2022-03-02,397.720001,404.100006,396.779999,402.600006,395.964569,8185200,1020
2022-03-03,405.019989,405.540009,398.880005,400.579987,393.977844,8745300,1021
2022-03-04,396.929993,398.429993,393.369995,397.339996,390.791229,6317700,1022
2022-03-07,396.730011,397,385.559998,385.609985,379.254608,8411500,1023
2022-03-08,385.76001,392.73999,381.640015,382.700012,376.392578,9356100,1024
2022-03-09,390.880005,394.850006,388.720001,392.899994,386.424438,5812600,1025
2022-03-10,388.440002,392.01001,386.529999,391.149994,384.703308,6394800,1026
2022-03-11,393.619995,394.190002,385.679993,386.160004,379.795532,5872800,1027
2022-03-14,387.070007,390.269989,382.25,383.339996,377.022003,6455000,1028
2022-03-15,385.859985,392.369995,384.630005,391.75,385.293427,5739400,1029
2022-03-16,395.5,400.549988,390.549988,400.51001,393.909027,7407300,1030
2022-03-17,398.640015,405.559998,398.299988,405.410004,398.728271,5177500,1031
2022-03-18,403.980011,410.279999,403.23999,409.890015,403.13443,5875000,1032
2022-03-21,409.839996,411.75,406.429993,409.910004,403.154083,4159500,1033
2022-03-22,411.200012,415.519989,411.200012,414.670013,407.835663,4231700,1034
2022-03-23,412.160004,413.619995,409.290009,409.329987,402.583649,3742600,1035
2022-03-24,409.890015,414.100006,408.809998,414.019989,408.56778,2977300,1036
2022-03-25,414.790009,416.359985,412.209991,416.119995,410.640137,3638000,1037
2022-03-28,415.5,419.049988,413.690002,418.98999,413.472351,3395300,1038
2022-03-29,422.959991,424.720001,420.25,424.290009,418.702545,5510600,1039
2022-03-30,423.26001,424.01001,419.589996,421.649994,416.097321,4794300,1040
2022-03-31,420.970001,421.670013,415.049988,415.170013,409.702637,5876600,1041
2022-04-01,416.679993,416.820007,412.869995,416.320007,410.837524,4663100,1042
2022-04-04,416.450012,419.959991,415.720001,419.850006,414.321045,5117200,1043
2022-04-05,418.559998,420.820007,413.5,414.660004,409.199402,4112000,1044
2022-04-06,410.76001,412.660004,407.640015,410.459991,405.054657,5540700,1045
2022-04-07,409.600006,414.299988,407.73999,412.529999,407.097412,4954100,1046
2022-04-08,411.850006,414.220001,409.980011,411.529999,406.110565,4752800,1047
2022-04-11,408.5,409.059998,403.929993,404.399994,399.074463,3342800,1048
2022-04-12,407.329987,409.709991,401.369995,402.920013,397.613983,6615800,1049
2022-04-13,402.570007,408.200012,402.480011,407.470001,402.104065,4358700,1050
2022-04-14,407.720001,408.779999,402.339996,402.519989,397.219208,3735700,1051
2022-04-18,401.549988,404.220001,400.440002,402.589996,397.28833,4305900,1052
2022-04-19,402.579987,409.769989,402.359985,409.019989,403.633636,3841500,1053
2022-04-20,410.820007,411.390015,407.670013,408.709991,403.327728,5067100,1054
2022-04-21,412.380005,413.679993,401.799988,402.649994,397.347504,4670200,1055
2022-04-22,401.670013,401.890015,391.100006,391.660004,386.502258,6326400,1056
2022-04-25,389.420013,394.059998,385,393.799988,388.614044,8141200,1057
2022-04-26,391.399994,391.589996,382.440002,382.540009,377.50238,8493000,1058
2022-04-27,383.5,388.75,381.5,383.529999,378.479309,6415700,1059
2022-04-28,388.230011,394.899994,383.869995,393.140015,387.962769,7030200,1060
2022-04-29,389.420013,391.450012,378,378.700012,373.712952,8221900,1061
2022-05-02,378.790009,382.269989,372.329987,381.079987,376.061554,10737000,1062
2022-05-03,381.619995,385.059998,380,382.730011,377.68988,5607700,1063
2022-05-04,383.350006,394.929993,380.279999,394.339996,389.146942,7367500,1064
2022-05-05,390.220001,390.309998,376.350006,380.48999,375.47934,10477300,1065
2022-05-06,378.01001,381.279999,372.950012,378.100006,373.12085,7959600,1066
2022-05-09,372.359985,373.559998,364.5,365.899994,361.081512,10793200,1067
2022-05-10,371.899994,373.220001,362.910004,366.839996,362.009094,7870800,1068
2022-05-11,365.970001,371.359985,360.269989,360.929993,356.17691,8026900,1069
2022-05-12,357.839996,363.75,354.019989,360.649994,355.900604,7679200,1070
2022-05-13,364.730011,370.579987,363.640015,369.160004,364.298584,5377400,1071
2022-05-16,367.709991,371.350006,365.450012,367.839996,362.995941,4719800,1072
2022-05-17,373.660004,375.559998,370.079987,375.200012,370.259003,4513300,1073
2022-05-18,370.980011,371.160004,359,360.339996,355.594696,6883600,1074
2022-05-19,357.170013,362.230011,355.850006,357.929993,353.216461,6359500,1075
2022-05-20,361.410004,361.950012,349.76001,358.019989,353.305267,8755900,1076
2022-05-23,361.089996,365.570007,358.850006,364.809998,360.005829,5254900,1077
2022-05-24,360.850006,363.209991,355.700012,362.179993,357.410492,5567300,1078
2022-05-25,360.540009,367.160004,360.269989,365.200012,360.390686,5704600,1079
2022-05-26,366.450012,374.130005,366.269989,372.459991,367.555084,4248300,1080
2022-05-27,374.940002,381.859985,374.799988,381.799988,376.772095,3911800,1081
2022-05-31,380.230011,382.850006,376.920013,379.679993,374.680023,5016500,1082
2022-06-01,381.609985,382.640015,374.100006,376.5,371.54187,4245800,1083
2022-06-02,376.410004,383.73999,374.200012,383.649994,378.597748,3273700,1084
2022-06-03,379.109985,380.600006,376.480011,377.440002,372.469543,2749500,1085
2022-06-06,381.329987,382.959991,377.410004,378.470001,373.485962,2659500,1086
2022-06-07,375.160004,382.609985,374.709991,382.170013,377.137268,2649900,1087
2022-06-08,380.5,382.230011,377.26001,377.98999,373.012299,3436400,1088
2022-06-09,376.23999,378.440002,369.019989,369.100006,364.239349,3022000,1089
2022-06-10,362.929993,363.690002,358.230011,358.269989,353.551971,7629700,1090
2022-06-13,349.109985,350.839996,343.059998,344.459991,339.923828,10399700,1091
2022-06-14,346.369995,347.320007,340.570007,343.600006,339.075165,7584200,1092
2022-06-15,346.820007,352.839996,341.970001,348.519989,343.930359,7887600,1093
2022-06-16,340.480011,340.839996,334.570007,337.070007,332.631165,8821900,1094
2022-06-17,337.309998,340.869995,334.23999,337.950012,333.499573,7084000,1095
2022-06-21,343.190002,347.5,343.109985,346.230011,341.670532,5628300,1096
2022-06-22,342.079987,349.51001,341.630005,345.5,340.950165,4876100,1097
2022-06-23,347.630005,349.609985,344.140015,349.130005,344.532349,6708800,1098
2022-06-24,352.029999,360.019989,351.970001,360,355.259186,5458600,1099
2022-06-27,361,361.149994,357.570007,358.649994,353.926941,4608600,1100
2022-06-28,360.079987,362.839996,350.899994,350.899994,346.279022,8797800,1101
2022-06-29,350.429993,351.359985,347.809998,349.640015,346.449463,3775900,1102
2022-06-30,345.880005,349.839996,342.450012,346.880005,343.714661,7159600,1103
2022-07-01,346.160004,350.829987,343.589996,350.440002,347.242157,7481500,1104
2022-07-05,345.480011,351.100006,342.779999,351.059998,347.856506,6180600,1105
2022-07-06,351.230011,354.679993,348.929993,352.329987,349.114899,5450900,1106
2022-07-07,354.01001,358.299988,354,357.5,354.237732,3737500,1107
2022-07-08,355.910004,359.049988,354.470001,357.290009,354.029663,4791300,1108
2022-07-11,354.839996,355.570007,352.51001,353.25,350.02652,3491700,1109
2022-07-12,352.600006,354.899994,348.380005,349.98999,346.796234,4080300,1110
2022-07-13,344.73999,351,344.369995,348.359985,345.181122,5603500,1111
2022-07-14,343.410004,347.950012,341.049988,347.440002,344.269531,4624800,1112
2022-07-15,351.730011,354.109985,349.799988,354.01001,350.779572,4520500,1113
2022-07-18,356.970001,357.619995,349.920013,351.079987,347.876312,3544900,1114
2022-07-19,354.950012,361.089996,354.25,360.609985,357.319336,3620200,1115
2022-07-20,360.700012,364.23999,359.450012,362.920013,359.608276,4270600,1116
2022-07-21,362.359985,366.619995,360.01001,366.589996,363.244781,4604000,1117
2022-07-22,366.690002,367.839996,361.01001,363.25,359.935272,4533900,1118
2022-07-25,363.839996,364.440002,361.450012,363.609985,360.291962,3902200,1119
2022-07-26,362.119995,362.209991,358.450012,359.25,355.971771,2987200,1120
2022-07-27,362.48999,370.329987,362.220001,368.660004,365.295898,4500300,1121
2022-07-28,369.420013,373.910004,365.980011,373.320007,369.913391,4345300,1122
2022-07-29,374.730011,379.660004,373.929993,378.790009,375.333466,5246400,1123
2022-08-01,376.119995,380.01001,375.440002,377.649994,374.203857,4421400,1124
2022-08-02,376.109985,379.630005,373.950012,375.209991,371.786133,4132600,1125
2022-08-03,377.190002,382.100006,376.910004,381.070007,377.592682,3854800,1126
2022-08-04,380.880005,381.529999,379.190002,380.769989,377.29538,3410600,1127
2022-08-05,376.649994,380.700012,376.540009,379.980011,376.512604,2852100,1128
2022-08-08,381.779999,383.910004,378.570007,379.640015,376.17572,3450800,1129
2022-08-09,379.019989,379.410004,377.100006,378.140015,374.689392,2360500,1130
2022-08-10,384.98999,386.230011,383.100006,386.059998,382.537109,3651000,1131
2022-08-11,388.869995,390.649994,385.399994,386.059998,382.537109,3575400,1132
2022-08-12,387.950012,392.720001,387.089996,392.670013,389.086823,3664400,1133
2022-08-15,390.48999,394.76001,390.459991,394.350006,390.751495,3203900,1134
2022-08-16,393.23999,396.890015,392.440002,395.040009,391.435211,3864800,1135
2022-08-17,391.559998,394.850006,390.290009,392.339996,388.759796,3222300,1136
2022-08-18,392.420013,394.019989,391.170013,393.549988,389.95874,3258100,1137
2022-08-19,390.700012,390.950012,387.25,388.119995,384.578339,2899000,1138
2022-08-22,383.429993,383.540009,379.089996,379.940002,376.472961,4153700,1139
2022-08-23,379.559998,381.869995,378.519989,379.040009,375.581177,2869200,1140
2022-08-24,378.899994,381.579987,378.179993,380.190002,376.720703,2241200,1141
2022-08-25,381.76001,385.730011,380.700012,385.730011,382.210144,2631300,1142
2022-08-26,385.549988,386.049988,372.51001,372.51001,369.110779,5153200,1143
2022-08-29,369.769989,373.049988,368.779999,370.049988,366.673187,4953200,1144
2022-08-30,371.299988,371.450012,364.019989,366.029999,362.68988,5044500,1145
2022-08-31,367.609985,368.790009,363.109985,363.149994,359.836151,4062500,1146
2022-09-01,361.100006,364.700012,358.51001,364.269989,360.945953,6126800,1147
2022-09-02,367.950012,369.130005,358.779999,360.450012,357.160828,4544200,1148
2022-09-06,361.359985,362.279999,357,359.23999,355.961853,5680300,1149
2022-09-07,358.859985,366.380005,358.690002,365.679993,362.343079,4137000,1150
2022-09-08,363.380005,368.480011,362.269989,368.070007,364.711273,3692000,1151
2022-09-09,370.23999,374.609985,369.980011,373.75,370.339447,2621600,1152
2022-09-12,375.820007,378.51001,375.51001,377.859985,374.411926,2961400,1153
2022-09-13,369.339996,370.529999,360.279999,361.380005,358.082306,5549200,1154
2022-09-14,362.579987,364.170013,359.529999,362.730011,359.420013,3555500,1155
2022-09-15,361.160004,363.970001,357.399994,358.679993,355.406952,3807500,1156
2022-09-16,354.559998,356.480011,352.690002,355.859985,352.612701,4452300,1157
2022-09-19,352.799988,358.589996,352.75,358.589996,355.31778,3412600,1158
2022-09-20,355.380005,356.380005,351.829987,354.549988,351.314636,3624000,1159
2022-09-21,356.380005,359.299988,348.309998,348.309998,345.131592,5102400,1160
2022-09-22,347.549988,348.540009,344.670013,345.369995,342.218414,5555600,1161
2022-09-23,342.079987,342.079987,335.309998,339.630005,336.530792,10491500,1162
2022-09-26,338.230011,341.660004,335.070007,336.339996,333.270813,5405700,1163
2022-09-27,339.790009,341.839996,333.079987,335.390015,332.329529,5795700,1164
2022-09-28,334.799988,342.100006,333.179993,340.480011,338.857239,8683900,1165
2022-09-29,337.149994,337.299988,330.529999,333.380005,331.791077,7230100,1166
2022-09-30,332.570007,336.190002,328.119995,328.299988,326.73526,7736600,1167
2022-10-03,331.790009,338.660004,330.100006,336.980011,335.373932,5739000,1168
2022-10-04,342.140015,347.329987,342.130005,347.209991,345.555145,5110000,1169
2022-10-05,343.119995,348.640015,340.859985,346.609985,344.958008,4755800,1170
2022-10-06,345.179993,347.980011,342.48999,342.959991,341.325409,3879600,1171
2022-10-07,339.079987,339.339996,331.649994,333.329987,331.741302,5168100,1172
2022-10-10,334.470001,334.670013,328.660004,330.839996,329.263184,3933900,1173
2022-10-11,329.200012,333.559998,326.850006,328.660004,327.093567,4968100,1174
2022-10-12,329.149994,330.579987,327.440002,327.640015,326.078461,3235100,1175
2022-10-13,320.839996,337.679993,319.869995,336.220001,334.617554,6396900,1176
2022-10-14,338.619995,340.190002,328.029999,328.649994,327.083618,4879400,1177
2022-10-17,334.570007,338.100006,334.459991,337,335.393829,3889500,1178
2022-10-18,344.679993,345,337.769989,340.970001,339.34491,4903300,1179
2022-10-19,339.040009,341.670013,335.899994,338.609985,336.996124,4403200,1180
2022-10-20,338.170013,342.420013,335.049988,335.829987,334.22937,3459100,1181
2022-10-21,335.5,344.390015,334.130005,343.899994,342.260925,4362400,1182
2022-10-24,345.450012,349.230011,342.869995,348.089996,346.430969,5639400,1183
2022-10-25,348.049988,354.029999,348.029999,353.75,352.063995,5203400,1184
2022-10-26,350.700012,356.170013,350.440002,351.109985,349.436554,4277700,1185
2022-10-27,352.049988,353.790009,348.600006,349.230011,347.565552,4145300,1186
2022-10-28,349.040009,357.980011,348.950012,357.380005,355.676697,4388100,1187
2022-10-31,355.160004,356.920013,354.049988,354.950012,353.25827,6431000,1188
2022-11-01,358.529999,358.769989,352.290009,353.519989,351.835083,8014300,1189
2022-11-02,352.779999,357.130005,344.410004,344.5,342.858063,5022500,1190
2022-11-03,341.339996,343.809998,338.899994,340.829987,339.205566,4534800,1191
2022-11-04,346.410004,348.019989,340,345.820007,344.171783,3655400,1192
2022-11-07,347.059998,349.709991,345.100006,349.140015,347.475983,3316600,1193
2022-11-08,350.209991,353.869995,347.079987,351.040009,349.366913,3237200,1194
2022-11-09,349.079987,350.220001,343.359985,343.869995,342.231079,3570800,1195
2022-11-10,356.519989,363.01001,354.410004,362.690002,360.961395,4603600,1196
2022-11-11,363.690002,367.019989,361.73999,366.160004,364.414856,4877400,1197
2022-11-14,364.570007,367.790009,362.890015,363.220001,361.488861,5274300,1198
2022-11-15,368.649994,369.73999,362.589996,366.220001,364.474548,4597800,1199
2022-11-16,364.700012,365.519989,362.850006,363.440002,361.707794,2755100,1200
2022-11-17,358.799988,362.98999,358.570007,362.390015,360.662811,3278500,1201
2022-11-18,365.459991,365.589996,361.230011,363.98999,362.255188,2574400,1202
2022-11-21,362.769989,363.73999,360.869995,362.709991,360.981262,2397900,1203
2022-11-22,364.51001,367.679993,363.209991,367.540009,365.788269,2316000,1204
2022-11-23,367.209991,370.359985,367.019989,369.839996,368.077301,2590900,1205
2022-11-25,369.390015,370.339996,369.059998,369.799988,368.037476,1423400,1206
2022-11-28,366.859985,368.380005,363.149994,363.950012,362.215393,3553600,1207
2022-11-29,363.929993,365.179993,361.480011,363.309998,361.57843,2507800,1208
2022-11-30,363.450012,374.589996,361.649994,374.48999,372.705139,4748800,1209
2022-12-01,375.869995,377,372.049988,374.540009,372.754913,4608600,1210
2022-12-02,369.660004,374.880005,369.660004,374,372.217468,3596000,1211
2022-12-05,371.279999,372.190002,365.98999,367.339996,365.589203,3707000,1212
2022-12-06,367.089996,367.609985,359.929993,362.029999,360.304535,3911000,1213
2022-12-07,361.049988,363.609985,360.309998,361.329987,359.607849,3338000,1214
2022-12-08,363.130005,365.149994,361.600006,364.179993,362.444275,3604500,1215
2022-12-09,363,365.440002,361.339996,361.519989,359.796936,4271400,1216
2022-12-12,362.279999,366.679993,361.579987,366.679993,364.932343,2946200,1217
2022-12-13,377.109985,377.190002,366.799988,369.390015,367.629456,6161800,1218
2022-12-14,369.100006,372.799988,364.25,367.160004,365.410065,4707100,1219
2022-12-15,362.470001,363.23999,356.459991,358.130005,356.423126,5126800,1220
2022-12-16,355.649994,356.829987,351.790009,353.859985,352.173462,4533100,1221
2022-12-19,354.130005,354.339996,349.25,350.809998,349.138,5538500,1222
2022-12-20,348.450012,351.170013,347.209991,349.670013,349.670013,5068200,1223
2022-12-21,352.200012,355.950012,351.700012,354.899994,354.899994,3832400,1224
2022-12-22,351.980011,352.25,344.339996,349.910004,349.910004,6458200,1225
2022-12-23,348.929993,351.950012,347.350006,351.869995,351.869995,4572000,1226
2022-12-27,351.76001,352.040009,348.850006,350.470001,350.470001,4303200,1227
2022-12-28,350.420013,352.200012,345.899994,346.170013,346.170013,4464600,1228
2022-12-29,348.910004,353.130005,348.470001,352.309998,352.309998,4086600,1229
2022-12-30,349.790009,351.48999,347.76001,351.339996,351.339996,5319300,1230
2023-01-03,353.179993,355.040009,347.190002,349.98999,349.98999,4957300,1231
2023-01-04,352.100006,354.559998,349.200012,352.51001,352.51001,3119100,1232
2023-01-05,350.730011,350.799988,348.059998,348.660004,348.660004,3216500,1233
2023-01-06,351.589996,357.670013,348.73999,356.589996,356.589996,3463000,1234
2023-01-09,358.730011,361.730011,356.220001,356.329987,356.329987,3775300,1235
2023-01-10,355.839996,358.950012,354.959991,358.869995,358.869995,3495700,1236
2023-01-11,360.410004,363.51001,359.660004,363.450012,363.450012,5710500,1237
2023-01-12,364.480011,366.149994,360.600006,364.809998,364.809998,4743500,1238
2023-01-13,361.679993,366.730011,361.470001,366.230011,366.230011,3012300,1239
2023-01-17,366.190002,367.720001,364.869995,365.670013,365.670013,4942000,1240
2023-01-18,366.670013,367.660004,359.579987,359.730011,359.730011,3931800,1241
2023-01-19,357.76001,359.359985,355.850006,357.140015,357.140015,3569900,1242
2023-01-20,358.450012,363.910004,356.880005,363.709991,363.709991,3264000,1243
2023-01-23,364.51001,370,363.649994,368.140015,368.140015,3243300,1244
2023-01-24,366.570007,368.609985,365.420013,367.75,367.75,2702400,1245
2023-01-25,363.779999,368.160004,361.660004,367.880005,367.880005,3061700,1246
2023-01-26,370.459991,372.059998,367.609985,371.809998,371.809998,3460900,1247
2023-01-27,370.890015,375.079987,370.76001,372.869995,372.869995,5547300,1248
2023-01-30,370.149994,372.290009,367.859985,368.209991,368.209991,3280600,1249
2023-01-31,368.609985,373.540009,368.329987,373.440002,373.440002,4181700,1250
2023-02-01,372.440002,380.160004,369.76001,377.529999,377.529999,4941700,1251
2023-02-02,381.25,384.410004,379.399994,382.940002,382.940002,5207900,1252
2023-02-03,378.230011,383.200012,377.790009,378.850006,378.850006,6467900,1253
2023-02-06,376.579987,377.929993,375.019989,376.660004,376.660004,2880100,1254
2023-02-07,375.790009,382.75,374.619995,381.519989,381.519989,4504600,1255
2023-02-08,379.690002,380.929993,376.730011,377.339996,377.339996,2921500,1256
2023-02-09,380.970001,381,372.950012,374.109985,374.109985,3317300,1257